,date,negatives,positives,ratio,negatives (t-1),positives (t-1),ratio (t-1),negatives (t-2),positives (t-2),ratio (t-2),High_x,Low_x,Upper Bound_x,Lower Bound_x,High_y,Low_y,Upper Bound_y,Lower Bound_y,High,Low,Upper Bound,Lower Bound,label
0,2019-05-04,21,11,0.34375,0.0,0.0,0.0,0.0,0.0,0.0,5240.189941,4938.0,10480.379882,0,5240.189941,4938.0,10480.379882,0,5240.189941,4938.0,10480.379882,0,0
1,2019-05-03,43,20,0.31746031746031744,21.0,11.0,0.34375,0.0,0.0,0.0,3893.52002,3720.48999,7787.04004,0,3893.52002,3720.48999,7787.04004,0,3893.52002,3720.48999,7787.04004,0,1
2,2019-05-02,39,21,0.35,43.0,20.0,0.31746031746031744,21.0,11.0,0.34375,3447.879883,3415.669922,6895.759766,0,3447.879883,3415.669922,6895.759766,0,3447.879883,3415.669922,6895.759766,0,1
3,2019-05-01,18,11,0.3793103448275862,39.0,21.0,0.35,43.0,20.0,0.31746031746031744,3926.919922,3841.129883,7853.839844,0,3926.919922,3841.129883,7853.839844,0,3926.919922,3841.129883,7853.839844,0,0
4,2019-04-30,18,8,0.3076923076923077,18.0,11.0,0.3793103448275862,39.0,21.0,0.35,5417.169922,5346.700195,10834.339844,0,5417.169922,5346.700195,10834.339844,0,5417.169922,5346.700195,10834.339844,0,0
5,2019-04-29,15,7,0.3181818181818182,18.0,8.0,0.3076923076923077,18.0,11.0,0.3793103448275862,5372.22998,5224.640137,10744.45996,0,5372.22998,5224.640137,10744.45996,0,5372.22998,5224.640137,10744.45996,0,1
6,2019-04-28,30,9,0.23076923076923078,15.0,7.0,0.3181818181818182,18.0,8.0,0.3076923076923077,5299.509766,5162.810059,10599.019532,0,5299.509766,5162.810059,10599.019532,0,5299.509766,5162.810059,10599.019532,0,1
7,2019-04-27,25,17,0.40476190476190477,30.0,9.0,0.23076923076923078,15.0,7.0,0.3181818181818182,5313.700195,5218.419922,10627.40039,0,5313.700195,5218.419922,10627.40039,0,5313.700195,5218.419922,10627.40039,0,0
8,2019-04-26,32,23,0.41818181818181815,25.0,17.0,0.40476190476190477,30.0,9.0,0.23076923076923078,5282.970215,5192.450195,10565.94043,0,5282.970215,5192.450195,10565.94043,0,5282.970215,5192.450195,10565.94043,0,1
9,2019-04-25,29,27,0.48214285714285715,32.0,23.0,0.41818181818181815,25.0,17.0,0.40476190476190477,5361.939941,5104.180176,10723.879882,0,5361.939941,5104.180176,10723.879882,0,5361.939941,5104.180176,10723.879882,0,0
10,2019-04-24,24,23,0.48936170212765956,29.0,27.0,0.48214285714285715,32.0,23.0,0.41818181818181815,5521.609863,5031.689941,11043.219726,0,5521.609863,5031.689941,11043.219726,0,5521.609863,5031.689941,11043.219726,0,0
11,2019-04-23,23,22,0.4888888888888889,24.0,23.0,0.48936170212765956,29.0,27.0,0.48214285714285715,5633.0,5390.97998,11266.0,0,5633.0,5390.97998,11266.0,0,5633.0,5390.97998,11266.0,0,0
12,2019-04-22,25,17,0.40476190476190477,23.0,22.0,0.4888888888888889,24.0,23.0,0.48936170212765956,5626.830078,5371.310059,11253.660156,0,5626.830078,5371.310059,11253.660156,0,5626.830078,5371.310059,11253.660156,0,1
13,2019-04-21,16,10,0.38461538461538464,25.0,17.0,0.40476190476190477,23.0,22.0,0.4888888888888889,5444.759766,5265.72998,10889.519532,0,5444.759766,5265.72998,10889.519532,0,5444.759766,5265.72998,10889.519532,0,1
14,2019-04-20,19,7,0.2692307692307692,16.0,10.0,0.38461538461538464,25.0,17.0,0.40476190476190477,5348.589844,5232.77002,10697.179688,0,5348.589844,5232.77002,10697.179688,0,5348.589844,5232.77002,10697.179688,0,1
15,2019-04-19,9,12,0.5714285714285714,19.0,7.0,0.2692307692307692,16.0,10.0,0.38461538461538464,5366.600098,5274.450195,10733.200196,0,5366.600098,5274.450195,10733.200196,0,5366.600098,5274.450195,10733.200196,0,0
16,2019-04-18,27,11,0.2894736842105263,9.0,12.0,0.5714285714285714,19.0,7.0,0.2692307692307692,5353.009766,5212.180176,10706.019532,0,5353.009766,5212.180176,10706.019532,0,5353.009766,5212.180176,10706.019532,0,1
17,2019-04-17,21,15,0.4166666666666667,27.0,11.0,0.2894736842105263,9.0,12.0,0.5714285714285714,5317.779785,5232.990234,10635.55957,0,5317.779785,5232.990234,10635.55957,0,5317.779785,5232.990234,10635.55957,0,1
18,2019-04-16,24,13,0.35135135135135137,21.0,15.0,0.4166666666666667,27.0,11.0,0.2894736842105263,5270.759766,5190.810059,10541.519532,0,5270.759766,5190.810059,10541.519532,0,5270.759766,5190.810059,10541.519532,0,1
19,2019-04-15,21,13,0.38235294117647056,24.0,13.0,0.35135135135135137,21.0,15.0,0.4166666666666667,5232.029785,5029.160156,10464.05957,0,5232.029785,5029.160156,10464.05957,0,5232.029785,5029.160156,10464.05957,0,1
20,2019-04-14,14,6,0.3,21.0,13.0,0.38235294117647056,24.0,13.0,0.35135135135135137,5195.310059,4969.310059,10390.620118,0,5195.310059,4969.310059,10390.620118,0,5195.310059,4969.310059,10390.620118,0,1
21,2019-04-13,9,6,0.4,14.0,6.0,0.3,21.0,13.0,0.38235294117647056,5186.819824,5031.200195,10373.639648,0,5186.819824,5031.200195,10373.639648,0,5186.819824,5031.200195,10373.639648,0,1
22,2019-04-05,16,12,0.42857142857142855,23.0,16.0,0.41025641025641024,36.0,22.0,0.3793103448275862,5849.5,5709.740234,11699.0,0,5849.5,5709.740234,11699.0,0,5849.5,5709.740234,11699.0,0,0
23,2019-04-04,25,23,0.4791666666666667,16.0,12.0,0.42857142857142855,23.0,16.0,0.41025641025641024,5074.129883,4897.609863,10148.259766,0,5074.129883,4897.609863,10148.259766,0,5074.129883,4897.609863,10148.259766,0,1
24,2019-04-03,53,34,0.39080459770114945,25.0,23.0,0.4791666666666667,16.0,12.0,0.42857142857142855,3831.01001,3705.139893,7662.02002,0,3831.01001,3705.139893,7662.02002,0,3831.01001,3705.139893,7662.02002,0,1
25,2019-04-02,72,45,0.38461538461538464,53.0,34.0,0.39080459770114945,25.0,23.0,0.4791666666666667,3470.800049,3429.209961,6941.600098,0,3470.800049,3429.209961,6941.600098,0,3470.800049,3429.209961,6941.600098,0,1
26,2019-04-01,16,8,0.3333333333333333,72.0,45.0,0.38461538461538464,53.0,34.0,0.39080459770114945,3901.649902,3783.879883,7803.299804,0,3901.649902,3783.879883,7803.299804,0,3901.649902,3783.879883,7803.299804,0,0
27,2019-03-31,28,16,0.36363636363636365,16.0,8.0,0.3333333333333333,72.0,45.0,0.38461538461538464,4129.430176,4098.790039,8258.860352,0,4129.430176,4098.790039,8258.860352,0,4129.430176,4098.790039,8258.860352,0,0
28,2019-03-31,28,16,0.36363636363636365,16.0,8.0,0.3333333333333333,72.0,45.0,0.38461538461538464,4129.430176,4098.790039,8258.860352,0,4129.430176,4098.790039,8258.860352,0,4164.330078,4082.199951,8328.660156,0,0
29,2019-03-31,28,16,0.36363636363636365,16.0,8.0,0.3333333333333333,72.0,45.0,0.38461538461538464,4129.430176,4098.790039,8258.860352,0,4164.330078,4082.199951,8328.660156,0,4129.430176,4098.790039,8258.860352,0,1
30,2019-03-31,28,16,0.36363636363636365,16.0,8.0,0.3333333333333333,72.0,45.0,0.38461538461538464,4129.430176,4098.790039,8258.860352,0,4164.330078,4082.199951,8328.660156,0,4164.330078,4082.199951,8328.660156,0,0
31,2019-03-31,28,16,0.36363636363636365,16.0,8.0,0.3333333333333333,72.0,45.0,0.38461538461538464,4164.330078,4082.199951,8328.660156,0,4129.430176,4098.790039,8258.860352,0,4129.430176,4098.790039,8258.860352,0,1
32,2019-03-31,28,16,0.36363636363636365,16.0,8.0,0.3333333333333333,72.0,45.0,0.38461538461538464,4164.330078,4082.199951,8328.660156,0,4129.430176,4098.790039,8258.860352,0,4164.330078,4082.199951,8328.660156,0,0
33,2019-03-31,28,16,0.36363636363636365,16.0,8.0,0.3333333333333333,72.0,45.0,0.38461538461538464,4164.330078,4082.199951,8328.660156,0,4164.330078,4082.199951,8328.660156,0,4129.430176,4098.790039,8258.860352,0,1
34,2019-03-31,28,16,0.36363636363636365,16.0,8.0,0.3333333333333333,72.0,45.0,0.38461538461538464,4164.330078,4082.199951,8328.660156,0,4164.330078,4082.199951,8328.660156,0,4164.330078,4082.199951,8328.660156,0,0
35,2019-03-30,12,7,0.3684210526315789,28.0,16.0,0.36363636363636365,16.0,8.0,0.3333333333333333,4146.879883,4066.870117,8293.759766,0,4146.879883,4066.870117,8293.759766,0,4146.879883,4066.870117,8293.759766,0,1
36,2019-03-29,24,15,0.38461538461538464,12.0,7.0,0.3684210526315789,28.0,16.0,0.36363636363636365,4122.890137,4031.219971,8245.780274,0,4122.890137,4031.219971,8245.780274,0,4122.890137,4031.219971,8245.780274,0,1
37,2019-03-28,24,10,0.29411764705882354,24.0,15.0,0.38461538461538464,12.0,7.0,0.3684210526315789,4046.439941,4014.689941,8092.879882,0,4046.439941,4014.689941,8092.879882,0,4046.439941,4014.689941,8092.879882,0,1
38,2019-03-27,13,10,0.43478260869565216,24.0,10.0,0.29411764705882354,24.0,15.0,0.38461538461538464,4054.320068,3932.790039,8108.640136,0,4054.320068,3932.790039,8108.640136,0,4054.320068,3932.790039,8108.640136,0,0
39,2019-03-26,11,11,0.5,13.0,10.0,0.43478260869565216,24.0,10.0,0.29411764705882354,3943.199951,3902.52002,7886.399902,0,3943.199951,3902.52002,7886.399902,0,3943.199951,3902.52002,7886.399902,0,1
40,2019-03-25,13,7,0.35,11.0,11.0,0.5,13.0,10.0,0.43478260869565216,4005.290039,3887.679932,8010.580078,0,4005.290039,3887.679932,8010.580078,0,4005.290039,3887.679932,8010.580078,0,0
41,2019-03-24,7,6,0.46153846153846156,13.0,7.0,0.35,11.0,11.0,0.5,4010.300049,3970.350098,8020.600098,0,4010.300049,3970.350098,8020.600098,0,4010.300049,3970.350098,8020.600098,0,0
42,2019-03-23,6,11,0.6470588235294118,7.0,6.0,0.46153846153846156,13.0,7.0,0.35,4019.360107,3982.469971,8038.720214,0,4019.360107,3982.469971,8038.720214,0,4019.360107,3982.469971,8038.720214,0,0
43,2019-03-22,9,4,0.3076923076923077,6.0,11.0,0.6470588235294118,7.0,6.0,0.46153846153846156,4018.209961,3984.0,8036.419922,0,4018.209961,3984.0,8036.419922,0,4018.209961,3984.0,8036.419922,0,1
44,2019-03-21,20,8,0.2857142857142857,9.0,4.0,0.3076923076923077,6.0,11.0,0.6470588235294118,4082.290039,3953.530029,8164.580078,0,4082.290039,3953.530029,8164.580078,0,4082.290039,3953.530029,8164.580078,0,0
45,2019-03-20,16,10,0.38461538461538464,20.0,8.0,0.2857142857142857,9.0,4.0,0.3076923076923077,4064.949951,3995.48999,8129.899902,0,4064.949951,3995.48999,8129.899902,0,4064.949951,3995.48999,8129.899902,0,1
46,2019-03-19,11,8,0.42105263157894735,16.0,10.0,0.38461538461538464,20.0,8.0,0.2857142857142857,4032.040039,3972.469971,8064.080078,0,4032.040039,3972.469971,8064.080078,0,4032.040039,3972.469971,8064.080078,0,1
47,2019-03-18,10,0,0.0,11.0,8.0,0.42105263157894735,16.0,10.0,0.38461538461538464,4038.98999,3964.310059,8077.97998,0,4038.98999,3964.310059,8077.97998,0,4038.98999,3964.310059,8077.97998,0,0
48,2019-03-17,18,5,0.21739130434782608,10.0,0.0,0.0,11.0,8.0,0.42105263157894735,4030.379883,3970.969971,8060.759766,0,4030.379883,3970.969971,8060.759766,0,4030.379883,3970.969971,8060.759766,0,1
49,2019-03-16,13,9,0.4090909090909091,18.0,5.0,0.21739130434782608,10.0,0.0,0.0,4069.110107,3924.97998,8138.220214,0,4069.110107,3924.97998,8138.220214,0,4069.110107,3924.97998,8138.220214,0,0
50,2019-03-15,12,9,0.42857142857142855,13.0,9.0,0.4090909090909091,18.0,5.0,0.21739130434782608,3935.100098,3876.169922,7870.200196,0,3935.100098,3876.169922,7870.200196,0,3935.100098,3876.169922,7870.200196,0,1
51,2019-03-14,12,11,0.4782608695652174,12.0,9.0,0.42857142857142855,13.0,9.0,0.4090909090909091,3922.209961,3825.030029,7844.419922,0,3922.209961,3825.030029,7844.419922,0,3922.209961,3825.030029,7844.419922,0,1
52,2019-03-13,12,3,0.2,12.0,11.0,0.4782608695652174,12.0,9.0,0.42857142857142855,3898.25,3853.060059,7796.5,0,3898.25,3853.060059,7796.5,0,3898.25,3853.060059,7796.5,0,1
53,2019-03-05,14,8,0.36363636363636365,6.0,5.0,0.45454545454545453,13.0,6.0,0.3157894736842105,5901.359863,5596.149902,11802.719726,0,5901.359863,5596.149902,11802.719726,0,5901.359863,5596.149902,11802.719726,0,0
54,2019-03-04,8,9,0.5294117647058824,14.0,8.0,0.36363636363636365,6.0,5.0,0.45454545454545453,5071.97998,4799.77002,10143.95996,0,5071.97998,4799.77002,10143.95996,0,5071.97998,4799.77002,10143.95996,0,1
55,2019-03-03,13,9,0.4090909090909091,8.0,9.0,0.5294117647058824,14.0,8.0,0.36363636363636365,3853.280029,3788.040039,7706.560058,0,3853.280029,3788.040039,7706.560058,0,3853.280029,3788.040039,7706.560058,0,1
56,2019-03-02,9,10,0.5263157894736842,13.0,9.0,0.4090909090909091,8.0,9.0,0.5294117647058824,3514.429932,3424.419922,7028.859864,0,3514.429932,3424.419922,7028.859864,0,3514.429932,3424.419922,7028.859864,0,1
57,2019-03-01,16,10,0.38461538461538464,9.0,10.0,0.5263157894736842,13.0,9.0,0.4090909090909091,3965.52002,3778.76001,7931.04004,0,3965.52002,3778.76001,7931.04004,0,3965.52002,3778.76001,7931.04004,0,0
58,2019-02-28,14,4,0.2222222222222222,16.0,10.0,0.38461538461538464,9.0,10.0,0.5263157894736842,3909.860107,3798.0,7819.720214,0,3909.860107,3798.0,7819.720214,0,3909.860107,3798.0,7819.720214,0,1
59,2019-02-27,9,7,0.4375,14.0,4.0,0.2222222222222222,16.0,10.0,0.38461538461538464,3851.840088,3699.530029,7703.680176,0,3851.840088,3699.530029,7703.680176,0,3851.840088,3699.530029,7703.680176,0,1
60,2019-02-26,14,4,0.2222222222222222,9.0,7.0,0.4375,14.0,4.0,0.2222222222222222,3852.659912,3791.899902,7705.319824,0,3852.659912,3791.899902,7705.319824,0,3852.659912,3791.899902,7705.319824,0,0
61,2019-02-25,14,10,0.4166666666666667,14.0,4.0,0.2222222222222222,9.0,7.0,0.4375,3885.060059,3771.530029,7770.120118,0,3885.060059,3771.530029,7770.120118,0,3885.060059,3771.530029,7770.120118,0,0
62,2019-02-24,27,23,0.46,14.0,10.0,0.4166666666666667,14.0,4.0,0.2222222222222222,4221.620117,3755.379883,8443.240234,0,4221.620117,3755.379883,8443.240234,0,4221.620117,3755.379883,8443.240234,0,0
63,2019-02-23,18,12,0.4,27.0,23.0,0.46,14.0,10.0,0.4166666666666667,4192.390137,3948.47998,8384.780274,0,4192.390137,3948.47998,8384.780274,0,4192.390137,3948.47998,8384.780274,0,1
64,2019-02-22,19,6,0.24,18.0,12.0,0.4,27.0,23.0,0.46,3996.149902,3917.659912,7992.299804,0,3996.149902,3917.659912,7992.299804,0,3996.149902,3917.659912,7992.299804,0,1
65,2019-02-21,18,10,0.35714285714285715,19.0,6.0,0.24,18.0,12.0,0.4,4026.540039,3900.280029,8053.080078,0,4026.540039,3900.280029,8053.080078,0,4026.540039,3900.280029,8053.080078,0,0
66,2019-02-20,13,9,0.4090909090909091,18.0,10.0,0.35714285714285715,19.0,6.0,0.24,3992.310059,3898.909912,7984.620118,0,3992.310059,3898.909912,7984.620118,0,3992.310059,3898.909912,7984.620118,0,1
67,2019-02-19,11,10,0.47619047619047616,13.0,9.0,0.4090909090909091,18.0,10.0,0.35714285714285715,4010.909912,3882.52002,8021.819824,0,4010.909912,3882.52002,8021.819824,0,4010.909912,3882.52002,8021.819824,0,0
68,2019-02-18,34,29,0.4603174603174603,11.0,10.0,0.47619047619047616,13.0,9.0,0.4090909090909091,3952.439941,3661.419922,7904.879882,0,3952.439941,3661.419922,7904.879882,0,3952.439941,3661.419922,7904.879882,0,1
69,2019-02-17,24,8,0.25,34.0,29.0,0.4603174603174603,11.0,10.0,0.47619047619047616,3706.169922,3608.179932,7412.339844,0,3706.169922,3608.179932,7412.339844,0,3706.169922,3608.179932,7412.339844,0,1
70,2019-02-16,4,4,0.5,24.0,8.0,0.25,34.0,29.0,0.4603174603174603,3639.75,3592.040039,7279.5,0,3639.75,3592.040039,7279.5,0,3639.75,3592.040039,7279.5,0,1
71,2019-02-15,13,5,0.2777777777777778,4.0,4.0,0.5,24.0,8.0,0.25,3640.649902,3575.949951,7281.299804,0,3640.649902,3575.949951,7281.299804,0,3640.649902,3575.949951,7281.299804,0,0
72,2019-02-14,14,17,0.5483870967741935,13.0,5.0,0.2777777777777778,4.0,4.0,0.5,3619.699951,3567.389893,7239.399902,0,3619.699951,3567.389893,7239.399902,0,3619.699951,3567.389893,7239.399902,0,1
73,2019-02-13,10,4,0.2857142857142857,14.0,17.0,0.5483870967741935,13.0,5.0,0.2777777777777778,3655.889893,3590.01001,7311.779786,0,3655.889893,3590.01001,7311.779786,0,3655.889893,3590.01001,7311.779786,0,0
74,2019-02-05,14,9,0.391304347826087,14.0,7.0,0.3333333333333333,10.0,6.0,0.375,5891.899902,5484.779785,11783.799804,0,5891.899902,5484.779785,11783.799804,0,5891.899902,5484.779785,11783.799804,0,0
75,2019-02-03,7,5,0.4166666666666667,14.0,9.0,0.391304347826087,14.0,7.0,0.3333333333333333,3846.379883,3790.73999,7692.759766,0,3846.379883,3790.73999,7692.759766,0,3846.379883,3790.73999,7692.759766,0,1
76,2019-02-02,12,5,0.29411764705882354,7.0,5.0,0.4166666666666667,14.0,9.0,0.391304347826087,3519.139893,3441.209961,7038.279786,0,3519.139893,3441.209961,7038.279786,0,3519.139893,3441.209961,7038.279786,0,1
77,2019-02-01,3,6,0.6666666666666666,12.0,5.0,0.29411764705882354,7.0,5.0,0.4166666666666667,3989.590088,3826.290039,7979.180176,0,3989.590088,3826.290039,7979.180176,0,3989.590088,3826.290039,7979.180176,0,0
78,2019-01-31,11,5,0.3125,3.0,6.0,0.6666666666666666,12.0,5.0,0.29411764705882354,3499.780029,3422.830078,6999.560058,0,3499.780029,3422.830078,6999.560058,0,3499.780029,3422.830078,6999.560058,0,1
79,2019-01-30,8,6,0.42857142857142855,11.0,5.0,0.3125,3.0,6.0,0.6666666666666666,3488.909912,3395.939941,6977.819824,0,3488.909912,3395.939941,6977.819824,0,3488.909912,3395.939941,6977.819824,0,1
80,2019-01-29,23,11,0.3235294117647059,8.0,6.0,0.42857142857142855,11.0,5.0,0.3125,3463.199951,3369.189941,6926.399902,0,3463.199951,3369.189941,6926.399902,0,3463.199951,3369.189941,6926.399902,0,1
81,2019-01-28,26,15,0.36585365853658536,23.0,11.0,0.3235294117647059,8.0,6.0,0.42857142857142855,3567.560059,3402.560059,7135.120118,0,3567.560059,3402.560059,7135.120118,0,3567.560059,3402.560059,7135.120118,0,0
82,2019-01-27,19,7,0.2692307692307692,26.0,15.0,0.36585365853658536,23.0,11.0,0.3235294117647059,3605.98999,3511.290039,7211.97998,0,3605.98999,3511.290039,7211.97998,0,3605.98999,3511.290039,7211.97998,0,0
83,2019-01-26,2,3,0.6,19.0,7.0,0.2692307692307692,26.0,15.0,0.36585365853658536,3676.399902,3578.620117,7352.799804,0,3676.399902,3578.620117,7352.799804,0,3676.399902,3578.620117,7352.799804,0,0
84,2019-01-25,15,4,0.21052631578947367,2.0,3.0,0.6,19.0,7.0,0.2692307692307692,3607.429932,3539.409912,7214.859864,0,3607.429932,3539.409912,7214.859864,0,3607.429932,3539.409912,7214.859864,0,1
85,2019-01-24,21,7,0.25,15.0,4.0,0.21052631578947367,2.0,3.0,0.6,3616.330078,3546.5,7232.660156,0,3616.330078,3546.5,7232.660156,0,3616.330078,3546.5,7232.660156,0,0
86,2019-01-23,18,9,0.3333333333333333,21.0,7.0,0.25,15.0,4.0,0.21052631578947367,3631.149902,3543.959961,7262.299804,0,3631.149902,3543.959961,7262.299804,0,3631.149902,3543.959961,7262.299804,0,0
87,2019-01-22,26,14,0.35,18.0,9.0,0.3333333333333333,21.0,7.0,0.25,3635.689941,3473.77002,7271.379882,0,3635.689941,3473.77002,7271.379882,0,3635.689941,3473.77002,7271.379882,0,0
88,2019-01-21,12,5,0.29411764705882354,26.0,14.0,0.35,18.0,9.0,0.3333333333333333,3599.830078,3535.189941,7199.660156,0,3599.830078,3535.189941,7199.660156,0,3599.830078,3535.189941,7199.660156,0,1
89,2019-01-20,25,14,0.358974358974359,12.0,5.0,0.29411764705882354,26.0,14.0,0.35,3754.649902,3529.25,7509.299804,0,3754.649902,3529.25,7509.299804,0,3754.649902,3529.25,7509.299804,0,0
90,2019-01-19,25,17,0.40476190476190477,25.0,14.0,0.358974358974359,12.0,5.0,0.29411764705882354,3799.620117,3643.01001,7599.240234,0,3799.620117,3643.01001,7599.240234,0,3799.620117,3643.01001,7599.240234,0,0
91,2019-01-18,12,13,0.52,25.0,17.0,0.40476190476190477,25.0,14.0,0.358974358974359,3685.389893,3620.439941,7370.779786,0,3685.389893,3620.439941,7370.779786,0,3685.389893,3620.439941,7370.779786,0,1
92,2019-01-17,17,13,0.43333333333333335,12.0,13.0,0.52,25.0,17.0,0.40476190476190477,3695.280029,3586.919922,7390.560058,0,3695.280029,3586.919922,7390.560058,0,3695.280029,3586.919922,7390.560058,0,0
93,2019-01-16,18,8,0.3076923076923077,17.0,13.0,0.43333333333333335,12.0,13.0,0.52,3704.370117,3611.379883,7408.740234,0,3704.370117,3611.379883,7408.740234,0,3704.370117,3611.379883,7408.740234,0,0
94,2019-01-15,16,17,0.5151515151515151,18.0,8.0,0.3076923076923077,17.0,13.0,0.43333333333333335,3724.300049,3590.48999,7448.600098,0,3724.300049,3590.48999,7448.600098,0,3724.300049,3590.48999,7448.600098,0,0
95,2019-01-14,38,29,0.43283582089552236,16.0,17.0,0.5151515151515151,18.0,8.0,0.3076923076923077,3748.879883,3544.530029,7497.759766,0,3748.879883,3544.530029,7497.759766,0,3748.879883,3544.530029,7497.759766,0,0
96,2019-01-13,30,17,0.3617021276595745,38.0,29.0,0.43283582089552236,16.0,17.0,0.5151515151515151,3675.199951,3528.23999,7350.399902,0,3675.199951,3528.23999,7350.399902,0,3675.199951,3528.23999,7350.399902,0,1
97,2019-01-05,55,11,0.16666666666666666,54.0,12.0,0.18181818181818182,21.0,5.0,0.19230769230769232,5531.149902,5387.290039,11062.299804,0,5531.149902,5387.290039,11062.299804,0,5531.149902,5387.290039,11062.299804,0,0
98,2019-01-04,14,7,0.3333333333333333,55.0,11.0,0.16666666666666666,54.0,12.0,0.18181818181818182,5104.419922,4147.700195,10208.839844,0,5104.419922,4147.700195,10208.839844,0,5104.419922,4147.700195,10208.839844,0,1
99,2019-01-03,7,9,0.5625,14.0,7.0,0.3333333333333333,55.0,11.0,0.16666666666666666,3866.120117,3822.669922,7732.240234,0,3866.120117,3822.669922,7732.240234,0,3866.120117,3822.669922,7732.240234,0,1
100,2019-01-02,23,13,0.3611111111111111,7.0,9.0,0.5625,14.0,7.0,0.3333333333333333,3478.550049,3398.959961,6957.100098,0,3478.550049,3398.959961,6957.100098,0,3478.550049,3398.959961,6957.100098,0,1
101,2019-01-01,11,3,0.21428571428571427,23.0,13.0,0.3611111111111111,7.0,9.0,0.5625,3938.75,3696.939941,7877.5,0,3938.75,3696.939941,7877.5,0,3938.75,3696.939941,7877.5,0,0
102,2018-12-31,19,19,0.5,11.0,3.0,0.21428571428571427,23.0,13.0,0.3611111111111111,3904.280029,3701.47998,7808.560058,0,3904.280029,3701.47998,7808.560058,0,3904.280029,3701.47998,7808.560058,0,1
103,2018-12-30,24,16,0.4,19.0,19.0,0.5,11.0,3.0,0.21428571428571427,3925.179932,3760.800049,7850.359864,0,3925.179932,3760.800049,7850.359864,0,3925.179932,3760.800049,7850.359864,0,0
104,2018-12-29,25,10,0.2857142857142857,24.0,16.0,0.4,19.0,19.0,0.5,4004.139893,3774.379883,8008.279786,0,4004.139893,3774.379883,8008.279786,0,4004.139893,3774.379883,8008.279786,0,0
105,2018-12-28,9,9,0.5,25.0,10.0,0.2857142857142857,24.0,16.0,0.4,4007.709961,3628.429932,8015.419922,0,4007.709961,3628.429932,8015.419922,0,4007.709961,3628.429932,8015.419922,0,0
106,2018-12-26,2,1,0.3333333333333333,9.0,9.0,0.5,25.0,10.0,0.2857142857142857,3923.929932,3746.860107,7847.859864,0,3923.929932,3746.860107,7847.859864,0,3923.929932,3746.860107,7847.859864,0,1
107,2018-12-25,25,10,0.2857142857142857,2.0,1.0,0.3333333333333333,9.0,9.0,0.5,4094.610107,3734.850098,8189.220214,0,4094.610107,3734.850098,8189.220214,0,4094.610107,3734.850098,8189.220214,0,0
108,2018-12-24,18,23,0.5609756097560976,25.0,10.0,0.2857142857142857,2.0,1.0,0.3333333333333333,4303.370117,4006.600098,8606.740234,0,4303.370117,4006.600098,8606.740234,0,4303.370117,4006.600098,8606.740234,0,0
109,2018-12-23,7,6,0.46153846153846156,18.0,23.0,0.5609756097560976,25.0,10.0,0.2857142857142857,4117.649902,3972.389893,8235.299804,0,4117.649902,3972.389893,8235.299804,0,4117.649902,3972.389893,8235.299804,0,1
110,2018-12-22,14,19,0.5757575757575758,7.0,6.0,0.46153846153846156,18.0,23.0,0.5609756097560976,4060.340088,3849.22998,8120.680176,0,4060.340088,3849.22998,8120.680176,0,4060.340088,3849.22998,8120.680176,0,1
111,2018-12-21,25,11,0.3055555555555556,14.0,19.0,0.5757575757575758,7.0,6.0,0.46153846153846156,4247.709961,3831.199951,8495.419922,0,4247.709961,3831.199951,8495.419922,0,4247.709961,3831.199951,8495.419922,0,0
112,2018-12-20,62,29,0.31868131868131866,25.0,11.0,0.3055555555555556,14.0,19.0,0.5757575757575758,4225.52002,3712.820068,8451.04004,0,4225.52002,3712.820068,8451.04004,0,4225.52002,3712.820068,8451.04004,0,1
113,2018-12-19,64,35,0.35353535353535354,62.0,29.0,0.31868131868131866,25.0,11.0,0.3055555555555556,3969.699951,3693.570068,7939.399902,0,3969.699951,3693.570068,7939.399902,0,3969.699951,3693.570068,7939.399902,0,1
114,2018-12-18,32,21,0.39622641509433965,64.0,35.0,0.35353535353535354,62.0,29.0,0.31868131868131866,3727.98999,3481.459961,7455.97998,0,3727.98999,3481.459961,7455.97998,0,3727.98999,3481.459961,7455.97998,0,1
115,2018-12-17,42,21,0.3333333333333333,32.0,21.0,0.39622641509433965,64.0,35.0,0.35353535353535354,3639.649902,3239.060059,7279.299804,0,3639.649902,3239.060059,7279.299804,0,3639.649902,3239.060059,7279.299804,0,1
116,2018-12-16,25,13,0.34210526315789475,42.0,21.0,0.3333333333333333,32.0,21.0,0.39622641509433965,3319.830078,3227.399902,6639.660156,0,3319.830078,3227.399902,6639.660156,0,3319.830078,3227.399902,6639.660156,0,1
117,2018-12-15,35,21,0.375,25.0,13.0,0.34210526315789475,42.0,21.0,0.3333333333333333,3271.76001,3169.530029,6543.52002,0,3271.76001,3169.530029,6543.52002,0,3271.76001,3169.530029,6543.52002,0,1
118,2018-12-14,49,38,0.4367816091954023,35.0,21.0,0.375,25.0,13.0,0.34210526315789475,3333.23999,3180.969971,6666.47998,0,3333.23999,3180.969971,6666.47998,0,3333.23999,3180.969971,6666.47998,0,0
119,2018-12-13,37,18,0.32727272727272727,49.0,38.0,0.4367816091954023,35.0,21.0,0.375,3493.76001,3272.810059,6987.52002,0,3493.76001,3272.810059,6987.52002,0,3493.76001,3272.810059,6987.52002,0,0
120,2018-12-11,7,4,0.36363636363636365,37.0,18.0,0.32727272727272727,49.0,38.0,0.4367816091954023,6435.410156,6350.870117,12870.820312,0,6435.410156,6350.870117,12870.820312,0,6435.410156,6350.870117,12870.820312,0,0
121,2018-12-10,27,15,0.35714285714285715,7.0,4.0,0.36363636363636365,37.0,18.0,0.32727272727272727,6280.72998,6238.919922,12561.45996,0,6280.72998,6238.919922,12561.45996,0,6280.72998,6238.919922,12561.45996,0,1
122,2018-12-09,34,20,0.37037037037037035,27.0,15.0,0.35714285714285715,7.0,4.0,0.36363636363636365,6534.890137,6337.080078,13069.780274,0,6534.890137,6337.080078,13069.780274,0,6534.890137,6337.080078,13069.780274,0,0
123,2018-12-08,56,26,0.3170731707317073,34.0,20.0,0.37037037037037035,27.0,15.0,0.35714285714285715,6545.02002,6157.029785,13090.04004,0,6545.02002,6157.029785,13090.04004,0,6545.02002,6157.029785,13090.04004,0,0
124,2018-12-07,36,22,0.3793103448275862,56.0,26.0,0.3170731707317073,34.0,20.0,0.37037037037037035,6349.209961,6131.540039,12698.419922,0,6349.209961,6131.540039,12698.419922,0,6349.209961,6131.540039,12698.419922,0,1
125,2018-12-06,31,19,0.38,36.0,22.0,0.3793103448275862,56.0,26.0,0.3170731707317073,6623.0,6140.629883,13246.0,0,6623.0,6140.629883,13246.0,0,6623.0,6140.629883,13246.0,0,0
126,2018-12-05,8,9,0.5294117647058824,31.0,19.0,0.38,36.0,22.0,0.3793103448275862,8773.959961,8350.910156,17547.919922,0,8773.959961,8350.910156,17547.919922,0,8773.959961,8350.910156,17547.919922,0,0
127,2018-12-04,26,13,0.3333333333333333,8.0,9.0,0.5294117647058824,31.0,19.0,0.38,8237.160156,7758.799805,16474.320312,0,8237.160156,7758.799805,16474.320312,0,8237.160156,7758.799805,16474.320312,0,1
128,2018-12-03,26,26,0.5,26.0,13.0,0.3333333333333333,8.0,9.0,0.5294117647058824,9907.410156,8796.519531,19814.820312,0,9907.410156,8796.519531,19814.820312,0,9907.410156,8796.519531,19814.820312,0,0
129,2018-12-02,22,18,0.45,26.0,26.0,0.5,26.0,13.0,0.3333333333333333,8997.339844,8084.410156,17994.679688,0,8997.339844,8084.410156,17994.679688,0,8997.339844,8084.410156,17994.679688,0,1
130,2018-12-01,17,10,0.37037037037037035,22.0,18.0,0.45,26.0,26.0,0.5,14129.080078,12851.910156,28258.160156,0,14129.080078,12851.910156,28258.160156,0,14129.080078,12851.910156,28258.160156,0,0
131,2018-11-30,22,15,0.40540540540540543,17.0,10.0,0.37037037037037035,22.0,18.0,0.45,4331.069824,3916.300049,8662.139648,0,4331.069824,3916.300049,8662.139648,0,4331.069824,3916.300049,8662.139648,0,1
132,2018-11-29,20,3,0.13043478260869565,22.0,15.0,0.40540540540540543,17.0,10.0,0.37037037037037035,4444.390137,4130.680176,8888.780274,0,4444.390137,4130.680176,8888.780274,0,4444.390137,4130.680176,8888.780274,0,0
133,2018-11-28,49,35,0.4166666666666667,20.0,3.0,0.13043478260869565,22.0,15.0,0.40540540540540543,4398.569824,3822.939941,8797.139648,0,4398.569824,3822.939941,8797.139648,0,4398.569824,3822.939941,8797.139648,0,1
134,2018-11-27,27,23,0.46,49.0,35.0,0.4166666666666667,20.0,3.0,0.13043478260869565,3878.899902,3613.110107,7757.799804,0,3878.899902,3613.110107,7757.799804,0,3878.899902,3613.110107,7757.799804,0,1
135,2018-11-26,53,30,0.3614457831325301,27.0,23.0,0.46,49.0,35.0,0.4166666666666667,4124.700195,3598.810059,8249.40039,0,4124.700195,3598.810059,8249.40039,0,4124.700195,3598.810059,8249.40039,0,0
136,2018-11-25,94,38,0.2878787878787879,53.0,30.0,0.3614457831325301,27.0,23.0,0.46,4165.930176,3550.040039,8331.860352,0,4165.930176,3550.040039,8331.860352,0,4165.930176,3550.040039,8331.860352,0,0
137,2018-11-24,47,18,0.27692307692307694,94.0,38.0,0.2878787878787879,53.0,30.0,0.3614457831325301,4432.0,3741.199951,8864.0,0,4432.0,3741.199951,8864.0,0,4432.0,3741.199951,8864.0,0,0
138,2018-11-23,10,7,0.4117647058823529,47.0,18.0,0.27692307692307694,94.0,38.0,0.2878787878787879,4419.47998,4157.189941,8838.95996,0,4419.47998,4157.189941,8838.95996,0,4419.47998,4157.189941,8838.95996,0,1
139,2018-11-22,29,20,0.40816326530612246,10.0,7.0,0.4117647058823529,47.0,18.0,0.27692307692307694,4640.720215,4297.209961,9281.44043,0,4640.720215,4297.209961,9281.44043,0,4640.720215,4297.209961,9281.44043,0,0
140,2018-11-21,33,12,0.26666666666666666,29.0,20.0,0.40816326530612246,10.0,7.0,0.4117647058823529,4689.549805,4315.580078,9379.09961,0,4689.549805,4315.580078,9379.09961,0,4689.549805,4315.580078,9379.09961,0,0
141,2018-11-20,99,49,0.3310810810810811,33.0,12.0,0.26666666666666666,29.0,20.0,0.40816326530612246,4953.560059,4168.25,9907.120118,0,4953.560059,4168.25,9907.120118,0,4953.560059,4168.25,9907.120118,0,0
142,2018-11-19,53,27,0.3375,99.0,49.0,0.3310810810810811,33.0,12.0,0.26666666666666666,5615.97998,4757.009766,11231.95996,0,5615.97998,4757.009766,11231.95996,0,5615.97998,4757.009766,11231.95996,0,0
143,2018-11-18,10,8,0.4444444444444444,53.0,27.0,0.3375,99.0,49.0,0.3310810810810811,5701.350098,5567.950195,11402.700196,0,5701.350098,5567.950195,11402.700196,0,5701.350098,5567.950195,11402.700196,0,0
144,2018-11-17,2,1,0.3333333333333333,10.0,8.0,0.4444444444444444,53.0,27.0,0.3375,5602.009766,5524.700195,11204.019532,0,5602.009766,5524.700195,11204.019532,0,5602.009766,5524.700195,11204.019532,0,1
145,2018-11-16,10,9,0.47368421052631576,2.0,1.0,0.3333333333333333,10.0,8.0,0.4444444444444444,5676.540039,5487.870117,11353.080078,0,5676.540039,5487.870117,11353.080078,0,5676.540039,5487.870117,11353.080078,0,0
146,2018-11-15,17,10,0.37037037037037035,10.0,9.0,0.47368421052631576,2.0,1.0,0.3333333333333333,5767.060059,5300.75,11534.120118,0,5767.060059,5300.75,11534.120118,0,5767.060059,5300.75,11534.120118,0,0
147,2018-11-14,52,29,0.35802469135802467,17.0,10.0,0.37037037037037035,10.0,9.0,0.47368421052631576,6375.700195,5469.930176,12751.40039,0,6375.700195,5469.930176,12751.40039,0,6375.700195,5469.930176,12751.40039,0,0
148,2018-11-12,17,7,0.2916666666666667,52.0,29.0,0.35802469135802467,17.0,10.0,0.37037037037037035,3483.580078,3348.97998,6967.160156,0,3483.580078,3348.97998,6967.160156,0,3483.580078,3348.97998,6967.160156,0,1
149,2018-11-11,4,8,0.6666666666666666,17.0,7.0,0.2916666666666667,52.0,29.0,0.35802469135802467,6414.180176,6326.379883,12828.360352,0,6414.180176,6326.379883,12828.360352,0,6414.180176,6326.379883,12828.360352,0,0
150,2018-11-10,6,8,0.5714285714285714,4.0,8.0,0.6666666666666666,17.0,7.0,0.2916666666666667,6296.560059,6173.859863,12593.120118,0,6296.560059,6173.859863,12593.120118,0,6296.560059,6173.859863,12593.120118,0,1
151,2018-11-09,10,5,0.3333333333333333,6.0,8.0,0.5714285714285714,4.0,8.0,0.6666666666666666,6357.890137,6208.279785,12715.780274,0,6357.890137,6208.279785,12715.780274,0,6357.890137,6208.279785,12715.780274,0,0
152,2018-11-08,17,9,0.34615384615384615,10.0,5.0,0.3333333333333333,6.0,8.0,0.5714285714285714,6483.390137,6176.890137,12966.780274,0,6483.390137,6176.890137,12966.780274,0,6483.390137,6176.890137,12966.780274,0,0
153,2018-11-07,2,1,0.3333333333333333,17.0,9.0,0.34615384615384615,10.0,5.0,0.3333333333333333,6394.930176,6084.0,12789.860352,0,6394.930176,6084.0,12789.860352,0,6394.930176,6084.0,12789.860352,0,1
154,2018-11-04,12,8,0.4,2.0,1.0,0.3333333333333333,17.0,9.0,0.34615384615384615,8051.950195,6791.330078,16103.90039,0,8051.950195,6791.330078,16103.90039,0,8051.950195,6791.330078,16103.90039,0,0
155,2018-11-03,6,3,0.3333333333333333,12.0,8.0,0.4,2.0,1.0,0.3333333333333333,9735.639648,8484.320313,19471.279296,0,9735.639648,8484.320313,19471.279296,0,9735.639648,8484.320313,19471.279296,0,0
156,2018-11-02,11,9,0.45,6.0,3.0,0.3333333333333333,12.0,8.0,0.4,8573.349609,7862.310059,17146.699218,0,8573.349609,7862.310059,17146.699218,0,8573.349609,7862.310059,17146.699218,0,1
157,2018-10-29,16,9,0.36,11.0,9.0,0.45,6.0,3.0,0.3333333333333333,6483.390137,6282.580078,12966.780274,0,6483.390137,6282.580078,12966.780274,0,6483.390137,6282.580078,12966.780274,0,1
158,2018-10-27,8,5,0.38461538461538464,16.0,9.0,0.36,11.0,9.0,0.45,6483.240234,6444.740234,12966.480468,0,6483.240234,6444.740234,12966.480468,0,6483.240234,6444.740234,12966.480468,0,1
159,2018-10-26,16,7,0.30434782608695654,8.0,5.0,0.38461538461538464,16.0,9.0,0.36,6479.0,6445.950195,12958.0,0,6479.0,6445.950195,12958.0,0,6479.0,6445.950195,12958.0,0,1
160,2018-10-24,9,6,0.4,16.0,7.0,0.30434782608695654,8.0,5.0,0.38461538461538464,6497.899902,6432.299805,12995.799804,0,6497.899902,6432.299805,12995.799804,0,6497.899902,6432.299805,12995.799804,0,0
161,2018-10-23,14,10,0.4166666666666667,9.0,6.0,0.4,16.0,7.0,0.30434782608695654,6538.350098,6465.72998,13076.700196,0,6538.350098,6465.72998,13076.700196,0,6538.350098,6465.72998,13076.700196,0,0
162,2018-10-22,11,5,0.3125,14.0,10.0,0.4166666666666667,9.0,6.0,0.4,6496.200195,6438.990234,12992.40039,0,6496.200195,6438.990234,12992.40039,0,6496.200195,6438.990234,12992.40039,0,1
163,2018-10-21,7,9,0.5625,11.0,5.0,0.3125,14.0,10.0,0.4166666666666667,6531.22998,6460.379883,13062.45996,0,6531.22998,6460.379883,13062.45996,0,6531.22998,6460.379883,13062.45996,0,0
164,2018-10-20,7,5,0.4166666666666667,7.0,9.0,0.5625,11.0,5.0,0.3125,6557.390137,6474.470215,13114.780274,0,6557.390137,6474.470215,13114.780274,0,6557.390137,6474.470215,13114.780274,0,0
165,2018-10-19,5,1,0.16666666666666666,7.0,5.0,0.4166666666666667,7.0,9.0,0.5625,6645.200195,6395.450195,13290.40039,0,6645.200195,6395.450195,13290.40039,0,6645.200195,6395.450195,13290.40039,0,0
166,2018-10-17,1,2,0.6666666666666666,5.0,1.0,0.16666666666666666,7.0,5.0,0.4166666666666667,6616.27002,6445.049805,13232.54004,0,6616.27002,6445.049805,13232.54004,0,6616.27002,6445.049805,13232.54004,0,1
167,2018-10-16,17,14,0.45161290322580644,1.0,2.0,0.6666666666666666,5.0,1.0,0.16666666666666666,6589.200195,6511.600098,13178.40039,0,6589.200195,6511.600098,13178.40039,0,6589.200195,6511.600098,13178.40039,0,1
168,2018-10-15,23,4,0.14814814814814814,17.0,14.0,0.45161290322580644,1.0,2.0,0.6666666666666666,6724.910156,6545.540039,13449.820312,0,6724.910156,6545.540039,13449.820312,0,6724.910156,6545.540039,13449.820312,0,0
169,2018-10-13,5,8,0.6153846153846154,23.0,4.0,0.14814814814814814,17.0,14.0,0.45161290322580644,6346.560059,6247.169922,12693.120118,0,6346.560059,6247.169922,12693.120118,0,6346.560059,6247.169922,12693.120118,0,1
170,2018-10-12,12,8,0.4,5.0,8.0,0.6153846153846154,23.0,4.0,0.14814814814814814,3645.48999,3416.77002,7290.97998,0,3645.48999,3416.77002,7290.97998,0,3645.48999,3416.77002,7290.97998,0,1
171,2018-10-11,21,9,0.3,12.0,8.0,0.4,5.0,8.0,0.6153846153846154,6419.919922,6376.169922,12839.839844,0,6419.919922,6376.169922,12839.839844,0,6419.919922,6376.169922,12839.839844,0,0
172,2018-10-09,11,6,0.35294117647058826,21.0,9.0,0.3,12.0,8.0,0.4,6415.509766,6199.189941,12831.019532,0,6415.509766,6199.189941,12831.019532,0,6415.509766,6199.189941,12831.019532,0,1
173,2018-10-08,6,9,0.6,11.0,6.0,0.35294117647058826,21.0,9.0,0.3,6488.549805,6014.259766,12977.09961,0,6488.549805,6014.259766,12977.09961,0,6488.549805,6014.259766,12977.09961,0,0
174,2018-10-07,14,4,0.2222222222222222,6.0,9.0,0.6,11.0,6.0,0.35294117647058826,6405.589844,6293.680176,12811.179688,0,6405.589844,6293.680176,12811.179688,0,6405.589844,6293.680176,12811.179688,0,1
175,2018-10-05,18,11,0.3793103448275862,14.0,4.0,0.2222222222222222,6.0,9.0,0.6,9032.269531,8363.5,18064.539062,0,9032.269531,8363.5,18064.539062,0,9032.269531,8363.5,18064.539062,0,0
176,2018-10-04,29,17,0.3695652173913043,18.0,11.0,0.3793103448275862,14.0,4.0,0.2222222222222222,6999.370117,6839.160156,13998.740234,0,6999.370117,6839.160156,13998.740234,0,6999.370117,6839.160156,13998.740234,0,1
177,2018-10-03,33,9,0.21428571428571427,29.0,17.0,0.3695652173913043,18.0,11.0,0.3793103448275862,9518.620117,8727.429688,19037.240234,0,9518.620117,8727.429688,19037.240234,0,9518.620117,8727.429688,19037.240234,0,0
178,2018-10-02,5,8,0.6153846153846154,33.0,9.0,0.21428571428571427,29.0,17.0,0.3695652173913043,9081.490234,8176.25,18162.980468,0,9081.490234,8176.25,18162.980468,0,9081.490234,8176.25,18162.980468,0,1
179,2018-10-01,22,11,0.3333333333333333,5.0,8.0,0.6153846153846154,33.0,9.0,0.21428571428571427,14919.490234,13450.540039,29838.980468,0,14919.490234,13450.540039,29838.980468,0,14919.490234,13450.540039,29838.980468,0,0
180,2018-09-30,26,9,0.2571428571428571,22.0,11.0,0.3333333333333333,5.0,8.0,0.6153846153846154,6662.600098,6510.540039,13325.200196,0,6662.600098,6510.540039,13325.200196,0,6662.600098,6510.540039,13325.200196,0,1
181,2018-09-29,14,8,0.36363636363636365,26.0,9.0,0.2571428571428571,22.0,11.0,0.3333333333333333,6741.959961,6543.680176,13483.919922,0,6741.959961,6543.680176,13483.919922,0,6741.959961,6543.680176,13483.919922,0,0
182,2018-09-28,14,9,0.391304347826087,14.0,8.0,0.36363636363636365,26.0,9.0,0.2571428571428571,6635.419922,6474.22998,13270.839844,0,6635.419922,6474.22998,13270.839844,0,6635.419922,6474.22998,13270.839844,0,1
183,2018-09-27,23,20,0.46511627906976744,14.0,9.0,0.391304347826087,14.0,8.0,0.36363636363636365,6806.100098,6545.410156,13612.200196,0,6806.100098,6545.410156,13612.200196,0,6806.100098,6545.410156,13612.200196,0,0
184,2018-09-26,12,13,0.52,23.0,20.0,0.46511627906976744,14.0,9.0,0.391304347826087,6733.939941,6434.759766,13467.879882,0,6733.939941,6434.759766,13467.879882,0,6733.939941,6434.759766,13467.879882,0,1
185,2018-09-24,14,13,0.48148148148148145,12.0,13.0,0.52,23.0,20.0,0.46511627906976744,6583.540039,6333.209961,13167.080078,0,6583.540039,6333.209961,13167.080078,0,6583.540039,6333.209961,13167.080078,0,1
186,2018-09-23,15,9,0.375,14.0,13.0,0.48148148148148145,12.0,13.0,0.52,6717.600098,6557.819824,13435.200196,0,6717.600098,6557.819824,13435.200196,0,6717.600098,6557.819824,13435.200196,0,0
187,2018-09-22,10,9,0.47368421052631576,15.0,9.0,0.375,14.0,13.0,0.48148148148148145,6768.560059,6663.899902,13537.120118,0,6768.560059,6663.899902,13537.120118,0,6768.560059,6663.899902,13537.120118,0,0
188,2018-09-21,2,1,0.3333333333333333,10.0,9.0,0.47368421052631576,15.0,9.0,0.375,6834.490234,6633.009766,13668.980468,0,6834.490234,6633.009766,13668.980468,0,6834.490234,6633.009766,13668.980468,0,0
189,2018-09-17,17,12,0.41379310344827586,2.0,1.0,0.3333333333333333,10.0,9.0,0.47368421052631576,6393.390137,6238.25,12786.780274,0,6393.390137,6238.25,12786.780274,0,6393.390137,6238.25,12786.780274,0,1
190,2018-09-16,14,10,0.4166666666666667,17.0,12.0,0.41379310344827586,2.0,1.0,0.3333333333333333,6538.819824,6216.830078,13077.639648,0,6538.819824,6216.830078,13077.639648,0,6538.819824,6216.830078,13077.639648,0,0
191,2018-09-15,10,4,0.2857142857142857,14.0,10.0,0.4166666666666667,17.0,12.0,0.41379310344827586,6525.049805,6404.310059,13050.09961,0,6525.049805,6404.310059,13050.09961,0,6525.049805,6404.310059,13050.09961,0,1
192,2018-09-14,7,5,0.4166666666666667,10.0,4.0,0.2857142857142857,14.0,10.0,0.4166666666666667,6573.189941,6473.470215,13146.379882,0,6573.189941,6473.470215,13146.379882,0,6573.189941,6473.470215,13146.379882,0,0
193,2018-09-12,13,6,0.3157894736842105,7.0,5.0,0.4166666666666667,10.0,4.0,0.2857142857142857,3718.580078,3436.5,7437.160156,0,3718.580078,3436.5,7437.160156,0,3718.580078,3436.5,7437.160156,0,1
194,2018-09-11,17,13,0.43333333333333335,13.0,6.0,0.3157894736842105,7.0,5.0,0.4166666666666667,6457.970215,6352.450195,12915.94043,0,6457.970215,6352.450195,12915.94043,0,6457.970215,6352.450195,12915.94043,0,0
195,2018-09-10,7,2,0.2222222222222222,17.0,13.0,0.43333333333333335,13.0,6.0,0.3157894736842105,6633.220215,6487.859863,13266.44043,0,6633.220215,6487.859863,13266.44043,0,6633.220215,6487.859863,13266.44043,0,0
196,2018-09-09,7,8,0.5333333333333333,7.0,2.0,0.2222222222222222,17.0,13.0,0.43333333333333335,6371.419922,6247.640137,12742.839844,0,6371.419922,6247.640137,12742.839844,0,6371.419922,6247.640137,12742.839844,0,1
197,2018-09-07,5,3,0.375,7.0,8.0,0.5333333333333333,7.0,2.0,0.2222222222222222,6683.609863,6277.22998,13367.219726,0,6683.609863,6277.22998,13367.219726,0,6683.609863,6277.22998,13367.219726,0,0
198,2018-09-06,9,6,0.4,5.0,3.0,0.375,7.0,8.0,0.5333333333333333,7514.040039,6661.97998,15028.080078,0,7514.040039,6661.97998,15028.080078,0,7514.040039,6661.97998,15028.080078,0,0
199,2018-09-05,52,47,0.47474747474747475,9.0,6.0,0.4,5.0,3.0,0.375,9393.950195,9017.129883,18787.90039,0,9393.950195,9017.129883,18787.90039,0,9393.950195,9017.129883,18787.90039,0,0
200,2018-09-04,5,4,0.4444444444444444,52.0,47.0,0.47474747474747475,9.0,6.0,0.4,6922.839844,6676.720215,13845.679688,0,6922.839844,6676.720215,13845.679688,0,6922.839844,6676.720215,13845.679688,0,1
201,2018-09-03,11,4,0.26666666666666666,5.0,4.0,0.4444444444444444,52.0,47.0,0.47474747474747475,9433.379883,8393.450195,18866.759766,0,9433.379883,8393.450195,18866.759766,0,9433.379883,8393.450195,18866.759766,0,0
202,2018-09-02,20,20,0.5,11.0,4.0,0.26666666666666666,5.0,4.0,0.4444444444444444,8743.200195,7775.359863,17486.40039,0,8743.200195,7775.359863,17486.40039,0,8743.200195,7775.359863,17486.40039,0,1
203,2018-09-01,37,27,0.421875,20.0,20.0,0.5,11.0,4.0,0.26666666666666666,15390.280273,14221.549805,30780.560546,0,15390.280273,14221.549805,30780.560546,0,15390.280273,14221.549805,30780.560546,0,0
204,2018-08-31,18,11,0.3793103448275862,37.0,27.0,0.421875,20.0,20.0,0.5,7272.029785,7025.580078,14544.05957,0,7272.029785,7025.580078,14544.05957,0,7272.029785,7025.580078,14544.05957,0,1
205,2018-08-30,17,12,0.41379310344827586,18.0,11.0,0.3793103448275862,37.0,27.0,0.421875,7096.72998,6903.080078,14193.45996,0,7096.72998,6903.080078,14193.45996,0,7096.72998,6903.080078,14193.45996,0,1
206,2018-08-29,19,16,0.45714285714285713,17.0,12.0,0.41379310344827586,18.0,11.0,0.3793103448275862,7072.640137,6818.689941,14145.280274,0,7072.640137,6818.689941,14145.280274,0,7072.640137,6818.689941,14145.280274,0,1
207,2018-08-28,23,16,0.41025641025641024,19.0,16.0,0.45714285714285713,17.0,12.0,0.41379310344827586,7137.470215,6944.759766,14274.94043,0,7137.470215,6944.759766,14274.94043,0,7137.470215,6944.759766,14274.94043,0,0
208,2018-08-27,32,15,0.3191489361702128,23.0,16.0,0.41025641025641024,19.0,16.0,0.45714285714285713,7136.709961,6877.200195,14273.419922,0,7136.709961,6877.200195,14273.419922,0,7136.709961,6877.200195,14273.419922,0,1
209,2018-08-26,11,9,0.45,32.0,15.0,0.3191489361702128,23.0,16.0,0.41025641025641024,6944.209961,6674.839844,13888.419922,0,6944.209961,6674.839844,13888.419922,0,6944.209961,6674.839844,13888.419922,0,1
210,2018-08-24,14,13,0.48148148148148145,11.0,9.0,0.45,32.0,15.0,0.3191489361702128,6808.890137,6684.189941,13617.780274,0,6808.890137,6684.189941,13617.780274,0,6808.890137,6684.189941,13617.780274,0,1
211,2018-08-23,11,7,0.3888888888888889,14.0,13.0,0.48148148148148145,11.0,9.0,0.45,6736.830078,6481.759766,13473.660156,0,6736.830078,6481.759766,13473.660156,0,6736.830078,6481.759766,13473.660156,0,1
212,2018-08-22,39,11,0.22,11.0,7.0,0.3888888888888889,14.0,13.0,0.48148148148148145,6575.279785,6356.959961,13150.55957,0,6575.279785,6356.959961,13150.55957,0,6575.279785,6356.959961,13150.55957,0,1
213,2018-08-21,31,21,0.40384615384615385,39.0,11.0,0.22,11.0,7.0,0.3888888888888889,6890.790039,6264.339844,13781.580078,0,6890.790039,6264.339844,13781.580078,0,6890.790039,6264.339844,13781.580078,0,0
214,2018-08-20,40,23,0.36507936507936506,31.0,21.0,0.40384615384615385,39.0,11.0,0.22,6506.689941,6259.810059,13013.379882,0,6506.689941,6259.810059,13013.379882,0,6506.689941,6259.810059,13013.379882,0,1
215,2018-08-19,13,9,0.4090909090909091,40.0,23.0,0.36507936507936506,31.0,21.0,0.40384615384615385,6537.540039,6248.390137,13075.080078,0,6537.540039,6248.390137,13075.080078,0,6537.540039,6248.390137,13075.080078,0,0
216,2018-08-18,17,12,0.41379310344827586,13.0,9.0,0.4090909090909091,40.0,23.0,0.36507936507936506,6560.879883,6330.560059,13121.759766,0,6560.879883,6330.560059,13121.759766,0,6560.879883,6330.560059,13121.759766,0,0
217,2018-08-17,23,12,0.34285714285714286,17.0,12.0,0.41379310344827586,13.0,9.0,0.4090909090909091,6622.160156,6322.439941,13244.320312,0,6622.160156,6322.439941,13244.320312,0,6622.160156,6322.439941,13244.320312,0,0
218,2018-08-16,24,16,0.4,23.0,12.0,0.34285714285714286,17.0,12.0,0.41379310344827586,6594.720215,6300.450195,13189.44043,0,6594.720215,6300.450195,13189.44043,0,6594.720215,6300.450195,13189.44043,0,1
219,2018-08-15,24,16,0.4,24.0,16.0,0.4,23.0,12.0,0.34285714285714286,6478.069824,6217.330078,12956.139648,0,6478.069824,6217.330078,12956.139648,0,6478.069824,6217.330078,12956.139648,0,1
220,2018-08-14,32,35,0.5223880597014925,24.0,16.0,0.4,24.0,16.0,0.4,6620.069824,6193.629883,13240.139648,0,6620.069824,6193.629883,13240.139648,0,6620.069824,6193.629883,13240.139648,0,0
221,2018-08-13,39,21,0.35,32.0,35.0,0.5223880597014925,24.0,16.0,0.4,6266.5,5891.870117,12533.0,0,6266.5,5891.870117,12533.0,0,6266.5,5891.870117,12533.0,0,1
222,2018-08-12,11,8,0.42105263157894735,39.0,21.0,0.35,32.0,35.0,0.5223880597014925,3602.48999,3295.209961,7204.97998,0,3602.48999,3295.209961,7204.97998,0,3602.48999,3295.209961,7204.97998,0,1
223,2018-08-10,16,7,0.30434782608695654,11.0,8.0,0.42105263157894735,39.0,21.0,0.35,6657.0,6589.390137,13314.0,0,6657.0,6589.390137,13314.0,0,6657.0,6589.390137,13314.0,0,0
224,2018-08-09,15,7,0.3181818181818182,16.0,7.0,0.30434782608695654,11.0,8.0,0.42105263157894735,6451.25,6161.830078,12902.5,0,6451.25,6161.830078,12902.5,0,6451.25,6161.830078,12902.5,0,1
225,2018-08-06,15,9,0.375,15.0,7.0,0.3181818181818182,16.0,7.0,0.30434782608695654,7691.740234,7495.720215,15383.480468,0,7691.740234,7495.720215,15383.480468,0,7691.740234,7495.720215,15383.480468,0,0
226,2018-08-05,14,6,0.3,15.0,9.0,0.375,15.0,7.0,0.3181818181818182,9373.459961,8987.269531,18746.919922,0,9373.459961,8987.269531,18746.919922,0,9373.459961,8987.269531,18746.919922,0,0
227,2018-08-04,38,21,0.3559322033898305,14.0,6.0,0.3,15.0,9.0,0.375,7204.279785,6633.689941,14408.55957,0,7204.279785,6633.689941,14408.55957,0,7204.279785,6633.689941,14408.55957,0,1
228,2018-08-03,15,8,0.34782608695652173,38.0,21.0,0.3559322033898305,14.0,6.0,0.3,10119.209961,9086.849609,20238.419922,0,10119.209961,9086.849609,20238.419922,0,10119.209961,9086.849609,20238.419922,0,0
229,2018-08-02,27,22,0.4489795918367347,15.0,8.0,0.34782608695652173,38.0,21.0,0.3559322033898305,8643.94043,7590.47998,17287.88086,0,8643.94043,7590.47998,17287.88086,0,8643.94043,7590.47998,17287.88086,0,1
230,2018-08-01,9,9,0.5,27.0,22.0,0.4489795918367347,15.0,8.0,0.34782608695652173,16302.919922,13902.30957,32605.839844,0,16302.919922,13902.30957,32605.839844,0,16302.919922,13902.30957,32605.839844,0,0
231,2018-07-31,13,11,0.4583333333333333,9.0,9.0,0.5,27.0,22.0,0.4489795918367347,7760.740234,7449.310059,15521.480468,0,7760.740234,7449.310059,15521.480468,0,7760.740234,7449.310059,15521.480468,0,1
232,2018-07-30,15,13,0.4642857142857143,13.0,11.0,0.4583333333333333,9.0,9.0,0.5,8176.27002,7663.700195,16352.54004,0,8176.27002,7663.700195,16352.54004,0,8176.27002,7663.700195,16352.54004,0,0
233,2018-07-29,15,8,0.34782608695652173,15.0,13.0,0.4642857142857143,13.0,11.0,0.4583333333333333,8273.610352,7867.439941,16547.220704,0,8273.610352,7867.439941,16547.220704,0,8273.610352,7867.439941,16547.220704,0,0
234,2018-07-28,16,10,0.38461538461538464,15.0,8.0,0.34782608695652173,15.0,13.0,0.4642857142857143,8291.549805,8123.529785,16583.09961,0,8291.549805,8123.529785,16583.09961,0,8291.549805,8123.529785,16583.09961,0,0
235,2018-07-27,25,26,0.5098039215686274,16.0,10.0,0.38461538461538464,15.0,8.0,0.34782608695652173,8238.040039,8070.040039,16476.080078,0,8238.040039,8070.040039,16476.080078,0,8238.040039,8070.040039,16476.080078,0,1
236,2018-07-26,45,21,0.3181818181818182,25.0,26.0,0.5098039215686274,16.0,10.0,0.38461538461538464,8278.009766,7806.25,16556.019532,0,8278.009766,7806.25,16556.019532,0,8278.009766,7806.25,16556.019532,0,0
237,2018-07-25,32,30,0.4838709677419355,45.0,21.0,0.3181818181818182,25.0,26.0,0.5098039215686274,8302.240234,7862.669922,16604.480468,0,8302.240234,7862.669922,16604.480468,0,8302.240234,7862.669922,16604.480468,0,0
238,2018-07-24,61,32,0.34408602150537637,32.0,30.0,0.4838709677419355,45.0,21.0,0.3181818181818182,8481.110352,8061.069824,16962.220704,0,8481.110352,8061.069824,16962.220704,0,8481.110352,8061.069824,16962.220704,0,0
239,2018-07-23,40,22,0.3548387096774194,61.0,32.0,0.34408602150537637,32.0,30.0,0.4838709677419355,8485.709961,7692.160156,16971.419922,0,8485.709961,7692.160156,16971.419922,0,8485.709961,7692.160156,16971.419922,0,0
240,2018-07-22,9,8,0.47058823529411764,40.0,22.0,0.3548387096774194,61.0,32.0,0.34408602150537637,7798.589844,7376.660156,15597.179688,0,7798.589844,7376.660156,15597.179688,0,7798.589844,7376.660156,15597.179688,0,1
241,2018-07-21,17,15,0.46875,9.0,8.0,0.47058823529411764,40.0,22.0,0.3548387096774194,7569.279785,7345.25,15138.55957,0,7569.279785,7345.25,15138.55957,0,7569.279785,7345.25,15138.55957,0,1
242,2018-07-20,36,26,0.41935483870967744,17.0,15.0,0.46875,9.0,8.0,0.47058823529411764,7453.069824,7220.370117,14906.139648,0,7453.069824,7220.370117,14906.139648,0,7453.069824,7220.370117,14906.139648,0,1
243,2018-07-19,16,9,0.36,36.0,26.0,0.41935483870967744,17.0,15.0,0.46875,7676.549805,7279.339844,15353.09961,0,7676.549805,7279.339844,15353.09961,0,7676.549805,7279.339844,15353.09961,0,0
244,2018-07-18,28,8,0.2222222222222222,16.0,9.0,0.36,36.0,26.0,0.41935483870967744,7563.700195,7289.899902,15127.40039,0,7563.700195,7289.899902,15127.40039,0,7563.700195,7289.899902,15127.40039,0,1
245,2018-07-17,63,45,0.4166666666666667,28.0,8.0,0.2222222222222222,16.0,9.0,0.36,7590.649902,7253.709961,15181.299804,0,7590.649902,7253.709961,15181.299804,0,7590.649902,7253.709961,15181.299804,0,0
246,2018-07-16,28,12,0.3,63.0,45.0,0.4166666666666667,28.0,8.0,0.2222222222222222,7476.240234,6677.560059,14952.480468,0,7476.240234,6677.560059,14952.480468,0,7476.240234,6677.560059,14952.480468,0,1
247,2018-07-14,10,6,0.375,28.0,12.0,0.3,63.0,45.0,0.4166666666666667,6401.5,6245.75,12803.0,0,6401.5,6245.75,12803.0,0,6401.5,6245.75,12803.0,0,1
248,2018-07-13,22,14,0.3888888888888889,10.0,6.0,0.375,28.0,12.0,0.3,6332.459961,6190.180176,12664.919922,0,6332.459961,6190.180176,12664.919922,0,6332.459961,6190.180176,12664.919922,0,1
249,2018-07-12,33,30,0.47619047619047616,22.0,14.0,0.3888888888888889,10.0,6.0,0.375,3576.110107,3248.0,7152.220214,0,3576.110107,3248.0,7152.220214,0,3576.110107,3248.0,7152.220214,0,1
250,2018-07-11,26,25,0.49019607843137253,33.0,30.0,0.47619047619047616,22.0,14.0,0.3888888888888889,6562.790039,6476.589844,13125.580078,0,6562.790039,6476.589844,13125.580078,0,6562.790039,6476.589844,13125.580078,0,0
251,2018-07-10,30,14,0.3181818181818182,26.0,25.0,0.49019607843137253,33.0,30.0,0.47619047619047616,6698.310059,6565.009766,13396.620118,0,6698.310059,6565.009766,13396.620118,0,6698.310059,6565.009766,13396.620118,0,0
252,2018-07-09,2,0,0.0,30.0,14.0,0.3181818181818182,26.0,25.0,0.49019607843137253,6480.569824,6134.759766,12961.139648,0,6480.569824,6134.759766,12961.139648,0,6480.569824,6134.759766,12961.139648,0,1
253,2018-07-08,8,5,0.38461538461538464,2.0,0.0,0.0,30.0,14.0,0.3181818181818182,6723.990234,6133.029785,13447.980468,0,6723.990234,6133.029785,13447.980468,0,6723.990234,6133.029785,13447.980468,0,0
254,2018-07-07,38,33,0.4647887323943662,8.0,5.0,0.38461538461538464,2.0,0.0,0.0,6782.850098,6684.149902,13565.700196,0,6782.850098,6684.149902,13565.700196,0,6782.850098,6684.149902,13565.700196,0,0
255,2018-07-06,20,16,0.4444444444444444,38.0,33.0,0.4647887323943662,8.0,5.0,0.38461538461538464,7709.609863,7559.5,15419.219726,0,7709.609863,7559.5,15419.219726,0,7709.609863,7559.5,15419.219726,0,0
256,2018-07-05,45,34,0.43037974683544306,20.0,16.0,0.4444444444444444,38.0,33.0,0.4647887323943662,9472.089844,9063.070313,18944.179688,0,9472.089844,9063.070313,18944.179688,0,9472.089844,9063.070313,18944.179688,0,0
257,2018-07-04,42,32,0.43243243243243246,45.0,34.0,0.43037974683544306,20.0,16.0,0.4444444444444444,7132.029785,6911.02002,14264.05957,0,7132.029785,6911.02002,14264.05957,0,7132.029785,6911.02002,14264.05957,0,1
258,2018-07-02,34,16,0.32,42.0,32.0,0.43243243243243246,45.0,34.0,0.43037974683544306,8572.679688,7208.859863,17145.359376,0,8572.679688,7208.859863,17145.359376,0,8572.679688,7208.859863,17145.359376,0,0
259,2018-07-01,35,14,0.2857142857142857,34.0,16.0,0.32,42.0,32.0,0.43243243243243246,17184.810547,15791.129883,34369.621094,0,17184.810547,15791.129883,34369.621094,0,17184.810547,15791.129883,34369.621094,0,0
260,2018-06-30,41,27,0.39705882352941174,35.0,14.0,0.2857142857142857,34.0,16.0,0.32,6429.5,6262.720215,12859.0,0,6429.5,6262.720215,12859.0,0,6429.5,6262.720215,12859.0,0,1
261,2018-06-29,40,14,0.25925925925925924,41.0,27.0,0.39705882352941174,35.0,14.0,0.2857142857142857,6503.330078,6194.509766,13006.660156,0,6503.330078,6194.509766,13006.660156,0,6503.330078,6194.509766,13006.660156,0,0
262,2018-06-28,36,13,0.2653061224489796,40.0,14.0,0.25925925925925924,41.0,27.0,0.39705882352941174,6286.669922,5813.02002,12573.339844,0,6286.669922,5813.02002,12573.339844,0,6286.669922,5813.02002,12573.339844,0,1
263,2018-06-27,27,18,0.4,36.0,13.0,0.2653061224489796,40.0,14.0,0.25925925925925924,6172.22998,5844.259766,12344.45996,0,6172.22998,5844.259766,12344.45996,0,6172.22998,5844.259766,12344.45996,0,1
264,2018-06-26,66,23,0.25842696629213485,27.0,18.0,0.4,36.0,13.0,0.2653061224489796,6192.109863,6021.689941,12384.219726,0,6192.109863,6021.689941,12384.219726,0,6192.109863,6021.689941,12384.219726,0,0
265,2018-06-25,26,11,0.2972972972972973,66.0,23.0,0.25842696629213485,27.0,18.0,0.4,6286.359863,6067.490234,12572.719726,0,6286.359863,6067.490234,12572.719726,0,6286.359863,6067.490234,12572.719726,0,0
266,2018-06-24,51,24,0.32,26.0,11.0,0.2972972972972973,66.0,23.0,0.25842696629213485,6344.450195,6095.25,12688.90039,0,6344.450195,6095.25,12688.90039,0,6344.450195,6095.25,12688.90039,0,0
267,2018-06-23,60,32,0.34782608695652173,51.0,24.0,0.32,26.0,11.0,0.2972972972972973,6254.02002,5782.129883,12508.04004,0,6254.02002,5782.129883,12508.04004,0,6254.02002,5782.129883,12508.04004,0,1
268,2018-06-22,51,42,0.45161290322580644,60.0,32.0,0.34782608695652173,51.0,24.0,0.32,6257.879883,6033.200195,12515.759766,0,6257.879883,6033.200195,12515.759766,0,6257.879883,6033.200195,12515.759766,0,0
269,2018-06-21,29,12,0.2926829268292683,51.0,42.0,0.45161290322580644,60.0,32.0,0.34782608695652173,6731.509766,5941.319824,13463.019532,0,6731.509766,5941.319824,13463.019532,0,6731.509766,5941.319824,13463.019532,0,0
270,2018-06-20,32,25,0.43859649122807015,29.0,12.0,0.2926829268292683,51.0,42.0,0.45161290322580644,6790.080078,6687.660156,13580.160156,0,6790.080078,6687.660156,13580.160156,0,6790.080078,6687.660156,13580.160156,0,0
271,2018-06-19,19,18,0.4864864864864865,32.0,25.0,0.43859649122807015,29.0,12.0,0.2926829268292683,6817.899902,6569.959961,13635.799804,0,6817.899902,6569.959961,13635.799804,0,6817.899902,6569.959961,13635.799804,0,0
272,2018-06-18,27,20,0.425531914893617,19.0,18.0,0.4864864864864865,32.0,25.0,0.43859649122807015,6839.600098,6672.200195,13679.200196,0,6839.600098,6672.200195,13679.200196,0,6839.600098,6672.200195,13679.200196,0,0
273,2018-06-17,24,18,0.42857142857142855,27.0,20.0,0.425531914893617,19.0,18.0,0.4864864864864865,6802.029785,6401.410156,13604.05957,0,6802.029785,6401.410156,13604.05957,0,6802.029785,6401.410156,13604.05957,0,1
274,2018-06-16,27,34,0.5573770491803278,24.0,18.0,0.42857142857142855,27.0,20.0,0.425531914893617,6585.77002,6446.379883,13171.54004,0,6585.77002,6446.379883,13171.54004,0,6585.77002,6446.379883,13171.54004,0,1
275,2018-06-15,11,17,0.6071428571428571,27.0,34.0,0.5573770491803278,24.0,18.0,0.42857142857142855,6569.149902,6345.990234,13138.299804,0,6569.149902,6345.990234,13138.299804,0,6569.149902,6345.990234,13138.299804,0,1
276,2018-06-14,36,28,0.4375,11.0,17.0,0.6071428571428571,27.0,34.0,0.5573770491803278,6667.22998,6380.689941,13334.45996,0,6667.22998,6380.689941,13334.45996,0,6667.22998,6380.689941,13334.45996,0,0
277,2018-06-13,54,40,0.425531914893617,36.0,28.0,0.4375,11.0,17.0,0.6071428571428571,6719.439941,6286.22998,13438.879882,0,6719.439941,6286.22998,13438.879882,0,6719.439941,6286.22998,13438.879882,0,0
278,2018-06-12,45,24,0.34782608695652173,54.0,40.0,0.425531914893617,36.0,28.0,0.4375,3883.429932,3467.919922,7766.859864,0,3883.429932,3467.919922,7766.859864,0,3883.429932,3467.919922,7766.859864,0,1
279,2018-06-11,18,20,0.5263157894736842,45.0,24.0,0.34782608695652173,54.0,40.0,0.425531914893617,6482.810059,6412.560059,12965.620118,0,6482.810059,6412.560059,12965.620118,0,6482.810059,6412.560059,12965.620118,0,0
280,2018-06-10,67,45,0.4017857142857143,18.0,20.0,0.5263157894736842,45.0,24.0,0.34782608695652173,6622.490234,6535.02002,13244.980468,0,6622.490234,6535.02002,13244.980468,0,6622.490234,6535.02002,13244.980468,0,0
281,2018-06-09,25,8,0.24242424242424243,67.0,45.0,0.4017857142857143,18.0,20.0,0.5263157894736842,6549.390137,6345.47998,13098.780274,0,6549.390137,6345.47998,13098.780274,0,6549.390137,6345.47998,13098.780274,0,1
282,2018-06-08,27,14,0.34146341463414637,25.0,8.0,0.24242424242424243,67.0,45.0,0.4017857142857143,7150.859863,6685.02002,14301.719726,0,7150.859863,6685.02002,14301.719726,0,7150.859863,6685.02002,14301.719726,0,0
283,2018-06-07,11,5,0.3125,27.0,14.0,0.34146341463414637,25.0,8.0,0.24242424242424243,6814.419922,6518.22998,13628.839844,0,6814.419922,6518.22998,13628.839844,0,6814.419922,6518.22998,13628.839844,0,1
284,2018-06-06,30,23,0.4339622641509434,11.0,5.0,0.3125,27.0,14.0,0.34146341463414637,7755.919922,7651.129883,15511.839844,0,7755.919922,7651.129883,15511.839844,0,7755.919922,7651.129883,15511.839844,0,0
285,2018-06-05,21,10,0.3225806451612903,30.0,23.0,0.4339622641509434,11.0,5.0,0.3125,9662.230469,9202.129883,19324.460938,0,9662.230469,9202.129883,19324.460938,0,9662.230469,9202.129883,19324.460938,0,0
286,2018-06-04,32,15,0.3191489361702128,21.0,10.0,0.3225806451612903,30.0,23.0,0.4339622641509434,7083.850098,6624.470215,14167.700196,0,7083.850098,6624.470215,14167.700196,0,7083.850098,6624.470215,14167.700196,0,1
287,2018-06-03,1,2,0.6666666666666666,32.0,15.0,0.3191489361702128,21.0,10.0,0.3225806451612903,11441.650391,10589.280273,22883.300782,0,11441.650391,10589.280273,22883.300782,0,11441.650391,10589.280273,22883.300782,0,0
288,2018-06-02,5,1,0.16666666666666666,1.0,2.0,0.6666666666666666,32.0,15.0,0.3191489361702128,7932.379883,5968.359863,15864.759766,0,7932.379883,5968.359863,15864.759766,0,7932.379883,5968.359863,15864.759766,0,1
289,2018-06-01,35,25,0.4166666666666667,5.0,1.0,0.16666666666666666,1.0,2.0,0.6666666666666666,17252.849609,16286.570313,34505.699218,0,17252.849609,16286.570313,34505.699218,0,17252.849609,16286.570313,34505.699218,0,0
290,2018-05-31,5,3,0.375,35.0,25.0,0.4166666666666667,5.0,1.0,0.16666666666666666,7614.660156,7370.27002,15229.320312,0,7614.660156,7370.27002,15229.320312,0,7614.660156,7370.27002,15229.320312,0,1
291,2018-05-30,1,3,0.75,5.0,3.0,0.375,35.0,25.0,0.4166666666666667,7608.870117,7349.52002,15217.740234,0,7608.870117,7349.52002,15217.740234,0,7608.870117,7349.52002,15217.740234,0,1
292,2018-05-29,9,11,0.55,1.0,3.0,0.75,5.0,3.0,0.375,7571.080078,7295.779785,15142.160156,0,7571.080078,7295.779785,15142.160156,0,7571.080078,7295.779785,15142.160156,0,1
293,2018-05-28,34,20,0.37037037037037035,9.0,11.0,0.55,1.0,3.0,0.75,7533.029785,7069.009766,15066.05957,0,7533.029785,7069.009766,15066.05957,0,7533.029785,7069.009766,15066.05957,0,1
294,2018-05-27,31,15,0.32608695652173914,34.0,20.0,0.37037037037037035,9.0,11.0,0.55,7455.549805,7092.910156,14911.09961,0,7455.549805,7092.910156,14911.09961,0,7455.549805,7092.910156,14911.09961,0,1
295,2018-05-26,25,13,0.34210526315789475,31.0,15.0,0.32608695652173914,34.0,20.0,0.37037037037037035,7420.069824,7256.669922,14840.139648,0,7420.069824,7256.669922,14840.139648,0,7420.069824,7256.669922,14840.139648,0,1
296,2018-05-25,23,13,0.3611111111111111,25.0,13.0,0.34210526315789475,31.0,15.0,0.32608695652173914,7626.689941,7314.709961,15253.379882,0,7626.689941,7314.709961,15253.379882,0,7626.689941,7314.709961,15253.379882,0,0
297,2018-05-24,17,13,0.43333333333333335,23.0,13.0,0.3611111111111111,25.0,13.0,0.34210526315789475,7652.370117,7347.959961,15304.740234,0,7652.370117,7347.959961,15304.740234,0,7652.370117,7347.959961,15304.740234,0,0
298,2018-05-23,47,20,0.29850746268656714,17.0,13.0,0.43333333333333335,23.0,13.0,0.3611111111111111,7729.47998,7283.77002,15458.95996,0,7729.47998,7283.77002,15458.95996,0,7729.47998,7283.77002,15458.95996,0,0
299,2018-05-22,31,14,0.3111111111111111,47.0,20.0,0.29850746268656714,17.0,13.0,0.43333333333333335,8031.629883,7460.660156,16063.259766,0,8031.629883,7460.660156,16063.259766,0,8031.629883,7460.660156,16063.259766,0,0
300,2018-05-21,12,12,0.5,31.0,14.0,0.3111111111111111,47.0,20.0,0.29850746268656714,8428.599609,7962.430176,16857.199218,0,8428.599609,7962.430176,16857.199218,0,8428.599609,7962.430176,16857.199218,0,0
301,2018-05-20,12,7,0.3684210526315789,12.0,12.0,0.5,31.0,14.0,0.3111111111111111,8585.849609,8347.879883,17171.699218,0,8585.849609,8347.879883,17171.699218,0,8585.849609,8347.879883,17171.699218,0,0
302,2018-05-19,18,12,0.4,12.0,7.0,0.3684210526315789,12.0,12.0,0.5,8591.450195,8181.459961,17182.90039,0,8591.450195,8181.459961,17182.90039,0,8591.450195,8181.459961,17182.90039,0,0
303,2018-05-18,7,6,0.46153846153846156,18.0,12.0,0.4,12.0,7.0,0.3684210526315789,8397.269531,8160.799805,16794.539062,0,8397.269531,8160.799805,16794.539062,0,8397.269531,8160.799805,16794.539062,0,1
304,2018-05-17,23,14,0.3783783783783784,7.0,6.0,0.46153846153846156,18.0,12.0,0.4,8280.450195,7940.350098,16560.90039,0,8280.450195,7940.350098,16560.90039,0,8280.450195,7940.350098,16560.90039,0,1
305,2018-05-16,38,16,0.2962962962962963,23.0,14.0,0.3783783783783784,7.0,6.0,0.46153846153846156,8476.450195,8015.77002,16952.90039,0,8476.450195,8015.77002,16952.90039,0,8476.450195,8015.77002,16952.90039,0,0
306,2018-05-15,26,22,0.4583333333333333,38.0,16.0,0.2962962962962963,23.0,14.0,0.3783783783783784,8501.650391,8119.169922,17003.300782,0,8501.650391,8119.169922,17003.300782,0,8501.650391,8119.169922,17003.300782,0,0
307,2018-05-14,29,13,0.30952380952380953,26.0,22.0,0.4583333333333333,38.0,16.0,0.2962962962962963,8848.69043,8441.25,17697.38086,0,8848.69043,8441.25,17697.38086,0,8848.69043,8441.25,17697.38086,0,0
308,2018-05-13,24,14,0.3684210526315789,29.0,13.0,0.30952380952380953,26.0,22.0,0.4583333333333333,8883.0,8312.719727,17766.0,0,8883.0,8312.719727,17766.0,0,8883.0,8312.719727,17766.0,0,0
309,2018-05-12,37,24,0.39344262295081966,24.0,14.0,0.3684210526315789,29.0,13.0,0.30952380952380953,3961.800049,3719.189941,7923.600098,0,3961.800049,3719.189941,7923.600098,0,3961.800049,3719.189941,7923.600098,0,1
310,2018-05-11,47,15,0.24193548387096775,37.0,24.0,0.39344262295081966,24.0,14.0,0.3684210526315789,6475.799805,6406.689941,12951.59961,0,6475.799805,6406.689941,12951.59961,0,6475.799805,6406.689941,12951.59961,0,0
311,2018-05-10,8,4,0.3333333333333333,47.0,15.0,0.24193548387096775,37.0,24.0,0.39344262295081966,6637.080078,6563.25,13274.160156,0,6637.080078,6563.25,13274.160156,0,6637.080078,6563.25,13274.160156,0,0
312,2018-05-09,15,9,0.375,8.0,4.0,0.3333333333333333,47.0,15.0,0.24193548387096775,6727.189941,6295.109863,13454.379882,0,6727.189941,6295.109863,13454.379882,0,6727.189941,6295.109863,13454.379882,0,0
313,2018-05-08,13,17,0.5666666666666667,15.0,9.0,0.375,8.0,4.0,0.3333333333333333,7160.399902,6854.790039,14320.799804,0,7160.399902,6854.790039,14320.799804,0,7160.399902,6854.790039,14320.799804,0,0
314,2018-05-07,16,20,0.5555555555555556,13.0,17.0,0.5666666666666667,15.0,9.0,0.375,6633.439941,6458.140137,13266.879882,0,6633.439941,6458.140137,13266.879882,0,6633.439941,6458.140137,13266.879882,0,1
315,2018-05-06,32,37,0.5362318840579711,16.0,20.0,0.5555555555555556,13.0,17.0,0.5666666666666667,7701.350098,7504.97998,15402.700196,0,7701.350098,7504.97998,15402.700196,0,7701.350098,7504.97998,15402.700196,0,0
316,2018-05-05,24,16,0.4,32.0,37.0,0.5362318840579711,16.0,20.0,0.5555555555555556,9936.959961,9441.929688,19873.919922,0,9936.959961,9441.929688,19873.919922,0,9936.959961,9441.929688,19873.919922,0,0
317,2018-05-04,15,14,0.4827586206896552,24.0,16.0,0.4,32.0,37.0,0.5362318840579711,6869.529785,6526.669922,13739.05957,0,6869.529785,6526.669922,13739.05957,0,6869.529785,6526.669922,13739.05957,0,1
318,2018-05-03,33,17,0.34,15.0,14.0,0.4827586206896552,24.0,16.0,0.4,11694.150391,11431.549805,23388.300782,0,11694.150391,11431.549805,23388.300782,0,11694.150391,11431.549805,23388.300782,0,0
319,2018-05-02,13,9,0.4090909090909091,33.0,17.0,0.34,15.0,14.0,0.4827586206896552,8391.290039,6627.310059,16782.580078,0,8391.290039,6627.310059,16782.580078,0,8391.290039,6627.310059,16782.580078,0,1
320,2018-05-01,15,10,0.4,13.0,9.0,0.4090909090909091,33.0,17.0,0.34,17126.949219,14832.360352,34253.898438,0,17126.949219,14832.360352,34253.898438,0,17126.949219,14832.360352,34253.898438,0,0
321,2018-04-30,23,6,0.20689655172413793,15.0,10.0,0.4,13.0,9.0,0.4090909090909091,9251.660156,8851.099609,18503.320312,0,9251.660156,8851.099609,18503.320312,0,9251.660156,8851.099609,18503.320312,0,1
322,2018-04-29,26,21,0.44680851063829785,23.0,6.0,0.20689655172413793,15.0,10.0,0.4,9459.80957,9133.599609,18919.61914,0,9459.80957,9133.599609,18919.61914,0,9459.80957,9133.599609,18919.61914,0,0
323,2018-04-28,33,16,0.32653061224489793,26.0,21.0,0.44680851063829785,23.0,6.0,0.20689655172413793,9552.669922,9189.070313,19105.339844,0,9552.669922,9189.070313,19105.339844,0,9552.669922,9189.070313,19105.339844,0,0
324,2018-04-27,15,13,0.4642857142857143,33.0,16.0,0.32653061224489793,26.0,21.0,0.44680851063829785,9435.900391,8892.519531,18871.800782,0,9435.900391,8892.519531,18871.800782,0,9435.900391,8892.519531,18871.800782,0,1
325,2018-04-26,23,13,0.3611111111111111,15.0,13.0,0.4642857142857143,33.0,16.0,0.32653061224489793,9385.870117,8923.480469,18771.740234,0,9385.870117,8923.480469,18771.740234,0,9385.870117,8923.480469,18771.740234,0,1
326,2018-04-25,42,20,0.3225806451612903,23.0,13.0,0.3611111111111111,15.0,13.0,0.4642857142857143,9315.129883,8669.379883,18630.259766,0,9315.129883,8669.379883,18630.259766,0,9315.129883,8669.379883,18630.259766,0,1
327,2018-04-24,23,27,0.54,42.0,20.0,0.3225806451612903,23.0,13.0,0.3611111111111111,9765.230469,8757.05957,19530.460938,0,9765.230469,8757.05957,19530.460938,0,9765.230469,8757.05957,19530.460938,0,0
328,2018-04-23,41,14,0.2545454545454545,23.0,27.0,0.54,42.0,20.0,0.3225806451612903,9741.910156,8957.679688,19483.820312,0,9741.910156,8957.679688,19483.820312,0,9741.910156,8957.679688,19483.820312,0,1
329,2018-04-22,19,11,0.36666666666666664,41.0,14.0,0.2545454545454545,23.0,27.0,0.54,9025.730469,8804.200195,18051.460938,0,9025.730469,8804.200195,18051.460938,0,9025.730469,8804.200195,18051.460938,0,1
330,2018-04-21,13,18,0.5806451612903226,19.0,11.0,0.36666666666666664,41.0,14.0,0.2545454545454545,9043.980469,8788.44043,18087.960938,0,9043.980469,8788.44043,18087.960938,0,9043.980469,8788.44043,18087.960938,0,0
331,2018-04-20,17,13,0.43333333333333335,13.0,18.0,0.5806451612903226,19.0,11.0,0.36666666666666664,9047.820313,8631.179688,18095.640626,0,9047.820313,8631.179688,18095.640626,0,9047.820313,8631.179688,18095.640626,0,0
332,2018-04-19,27,10,0.2702702702702703,17.0,13.0,0.43333333333333335,13.0,18.0,0.5806451612903226,8945.139648,8243.490234,17890.279296,0,8945.139648,8243.490234,17890.279296,0,8945.139648,8243.490234,17890.279296,0,1
333,2018-04-18,11,11,0.5,27.0,10.0,0.2702702702702703,17.0,13.0,0.43333333333333335,8321.009766,8136.419922,16642.019532,0,8321.009766,8136.419922,16642.019532,0,8321.009766,8136.419922,16642.019532,0,1
334,2018-04-17,22,11,0.3333333333333333,11.0,11.0,0.5,27.0,10.0,0.2702702702702703,8246.570313,7908.919922,16493.140626,0,8246.570313,7908.919922,16493.140626,0,8246.570313,7908.919922,16493.140626,0,1
335,2018-04-16,9,3,0.25,22.0,11.0,0.3333333333333333,11.0,11.0,0.5,8187.600098,7858.120117,16375.200196,0,8187.600098,7858.120117,16375.200196,0,8187.600098,7858.120117,16375.200196,0,1
336,2018-04-15,28,11,0.28205128205128205,9.0,3.0,0.25,22.0,11.0,0.3333333333333333,8430.929688,7929.240234,16861.859376,0,8430.929688,7929.240234,16861.859376,0,8430.929688,7929.240234,16861.859376,0,0
337,2018-04-14,14,9,0.391304347826087,28.0,11.0,0.28205128205128205,9.0,3.0,0.25,8437.030273,8021.040039,16874.060546,0,8437.030273,8021.040039,16874.060546,0,8437.030273,8021.040039,16874.060546,0,0
338,2018-04-13,29,22,0.43137254901960786,14.0,9.0,0.391304347826087,28.0,11.0,0.28205128205128205,8195.339844,7841.189941,16390.679688,0,8195.339844,7841.189941,16390.679688,0,8195.339844,7841.189941,16390.679688,0,1
339,2018-04-12,41,14,0.2545454545454545,29.0,22.0,0.43137254901960786,14.0,9.0,0.391304347826087,4082.679932,3770.919922,8165.359864,0,4082.679932,3770.919922,8165.359864,0,4082.679932,3770.919922,8165.359864,0,1
340,2018-04-11,26,9,0.2571428571428571,41.0,14.0,0.2545454545454545,29.0,22.0,0.43137254901960786,6498.160156,6351.919922,12996.320312,0,6498.160156,6351.919922,12996.320312,0,6498.160156,6351.919922,12996.320312,0,0
341,2018-04-10,21,12,0.36363636363636365,26.0,9.0,0.2571428571428571,41.0,14.0,0.2545454545454545,6683.549805,6546.97998,13367.09961,0,6683.549805,6546.97998,13367.09961,0,6683.549805,6546.97998,13367.09961,0,0
342,2018-04-09,30,19,0.3877551020408163,21.0,12.0,0.36363636363636365,26.0,9.0,0.2571428571428571,7401.430176,6694.060059,14802.860352,0,7401.430176,6694.060059,14802.860352,0,7401.430176,6694.060059,14802.860352,0,0
343,2018-04-08,37,18,0.32727272727272727,30.0,19.0,0.3877551020408163,21.0,12.0,0.36363636363636365,7092.529785,6898.310059,14185.05957,0,7092.529785,6898.310059,14185.05957,0,7092.529785,6898.310059,14185.05957,0,1
344,2018-04-07,58,25,0.30120481927710846,37.0,18.0,0.32727272727272727,30.0,19.0,0.3877551020408163,6691.319824,6448.22998,13382.639648,0,6691.319824,6448.22998,13382.639648,0,6691.319824,6448.22998,13382.639648,0,1
345,2018-04-06,51,25,0.32894736842105265,58.0,25.0,0.30120481927710846,37.0,18.0,0.32727272727272727,7672.700195,7394.970215,15345.40039,0,7672.700195,7394.970215,15345.40039,0,7672.700195,7394.970215,15345.40039,0,0
346,2018-04-05,40,18,0.3103448275862069,51.0,25.0,0.32894736842105265,58.0,25.0,0.30120481927710846,9968.849609,9687.089844,19937.699218,0,9968.849609,9687.089844,19937.699218,0,9968.849609,9687.089844,19937.699218,0,0
347,2018-04-04,23,19,0.4523809523809524,40.0,18.0,0.3103448275862069,51.0,25.0,0.32894736842105265,6933.660156,6602.379883,13867.320312,0,6933.660156,6602.379883,13867.320312,0,6933.660156,6602.379883,13867.320312,0,1
348,2018-04-03,20,14,0.4117647058823529,23.0,19.0,0.4523809523809524,40.0,18.0,0.3103448275862069,11539.790039,11084.009766,23079.580078,0,11539.790039,11084.009766,23079.580078,0,11539.790039,11084.009766,23079.580078,0,0
349,2018-04-02,29,21,0.42,20.0,14.0,0.4117647058823529,23.0,19.0,0.4523809523809524,9400.990234,7889.830078,18801.980468,0,9400.990234,7889.830078,18801.980468,0,9400.990234,7889.830078,18801.980468,0,1
350,2018-04-01,20,14,0.4117647058823529,29.0,21.0,0.42,20.0,14.0,0.4117647058823529,15408.660156,14244.669922,30817.320312,0,15408.660156,14244.669922,30817.320312,0,15408.660156,14244.669922,30817.320312,0,0
351,2018-03-31,16,8,0.3333333333333333,20.0,14.0,0.4117647058823529,29.0,21.0,0.42,7056.220215,6463.540039,14112.44043,0,7056.220215,6463.540039,14112.44043,0,7056.220215,6463.540039,14112.44043,0,1
352,2018-03-30,85,57,0.4014084507042254,16.0,8.0,0.3333333333333333,20.0,14.0,0.4117647058823529,7228.399902,6806.339844,14456.799804,0,7228.399902,6806.339844,14456.799804,0,7228.399902,6806.339844,14456.799804,0,0
353,2018-03-29,56,32,0.36363636363636365,85.0,57.0,0.4014084507042254,16.0,8.0,0.3333333333333333,7280.27002,6595.259766,14560.54004,0,7280.27002,6595.259766,14560.54004,0,7280.27002,6595.259766,14560.54004,0,0
354,2018-03-28,2,2,0.5,56.0,32.0,0.36363636363636365,85.0,57.0,0.4014084507042254,7983.77002,6927.109863,15967.54004,0,7983.77002,6927.109863,15967.54004,0,7983.77002,6927.109863,15967.54004,0,0
355,2018-03-27,36,14,0.28,2.0,2.0,0.5,56.0,32.0,0.36363636363636365,8117.790039,7752.600098,16235.580078,0,8117.790039,7752.600098,16235.580078,0,8117.790039,7752.600098,16235.580078,0,0
356,2018-03-26,19,10,0.3448275862068966,36.0,14.0,0.28,2.0,2.0,0.5,8226.240234,7752.299805,16452.480468,0,8226.240234,7752.299805,16452.480468,0,8226.240234,7752.299805,16452.480468,0,0
357,2018-03-25,2,0,0.0,19.0,10.0,0.3448275862068966,36.0,14.0,0.28,8690.360352,8395.849609,17380.720704,0,8690.360352,8395.849609,17380.720704,0,8690.360352,8395.849609,17380.720704,0,0
358,2018-03-25,2,0,0.0,19.0,10.0,0.3448275862068966,36.0,14.0,0.28,8690.360352,8395.849609,17380.720704,0,8690.360352,8395.849609,17380.720704,0,8521.040039,7869.27002,17042.080078,0,1
359,2018-03-25,2,0,0.0,19.0,10.0,0.3448275862068966,36.0,14.0,0.28,8690.360352,8395.849609,17380.720704,0,8521.040039,7869.27002,17042.080078,0,8690.360352,8395.849609,17380.720704,0,0
360,2018-03-25,2,0,0.0,19.0,10.0,0.3448275862068966,36.0,14.0,0.28,8690.360352,8395.849609,17380.720704,0,8521.040039,7869.27002,17042.080078,0,8521.040039,7869.27002,17042.080078,0,1
361,2018-03-25,2,0,0.0,19.0,10.0,0.3448275862068966,36.0,14.0,0.28,8521.040039,7869.27002,17042.080078,0,8690.360352,8395.849609,17380.720704,0,8690.360352,8395.849609,17380.720704,0,0
362,2018-03-25,2,0,0.0,19.0,10.0,0.3448275862068966,36.0,14.0,0.28,8521.040039,7869.27002,17042.080078,0,8690.360352,8395.849609,17380.720704,0,8521.040039,7869.27002,17042.080078,0,1
363,2018-03-25,2,0,0.0,19.0,10.0,0.3448275862068966,36.0,14.0,0.28,8521.040039,7869.27002,17042.080078,0,8521.040039,7869.27002,17042.080078,0,8690.360352,8395.849609,17380.720704,0,0
364,2018-03-25,2,0,0.0,19.0,10.0,0.3448275862068966,36.0,14.0,0.28,8521.040039,7869.27002,17042.080078,0,8521.040039,7869.27002,17042.080078,0,8521.040039,7869.27002,17042.080078,0,1
365,2018-03-24,38,15,0.2830188679245283,2.0,0.0,0.0,19.0,10.0,0.3448275862068966,9036.230469,8515.530273,18072.460938,0,9036.230469,8515.530273,18072.460938,0,9036.230469,8515.530273,18072.460938,0,0
366,2018-03-23,8,4,0.3333333333333333,38.0,15.0,0.2830188679245283,2.0,0.0,0.0,8935.879883,8307.580078,17871.759766,0,8935.879883,8307.580078,17871.759766,0,8935.879883,8307.580078,17871.759766,0,1
367,2018-03-22,39,16,0.2909090909090909,8.0,4.0,0.3333333333333333,38.0,15.0,0.2830188679245283,9107.0,8500.879883,18214.0,0,9107.0,8500.879883,18214.0,0,9107.0,8500.879883,18214.0,0,0
368,2018-03-21,36,12,0.25,39.0,16.0,0.2909090909090909,8.0,4.0,0.3333333333333333,9184.509766,8778.69043,18369.019532,0,9184.509766,8778.69043,18369.019532,0,9184.509766,8778.69043,18369.019532,0,0
369,2018-03-20,29,22,0.43137254901960786,36.0,12.0,0.25,39.0,16.0,0.2909090909090909,9056.230469,8339.799805,18112.460938,0,9056.230469,8339.799805,18112.460938,0,9056.230469,8339.799805,18112.460938,0,1
370,2018-03-19,63,40,0.3883495145631068,29.0,22.0,0.43137254901960786,36.0,12.0,0.25,8725.599609,8129.660156,17451.199218,0,8725.599609,8129.660156,17451.199218,0,8725.599609,8129.660156,17451.199218,0,1
371,2018-03-18,115,54,0.31952662721893493,63.0,40.0,0.3883495145631068,29.0,22.0,0.43137254901960786,8299.860352,7318.459961,16599.720704,0,8299.860352,7318.459961,16599.720704,0,8299.860352,7318.459961,16599.720704,0,1
372,2018-03-17,47,28,0.37333333333333335,115.0,54.0,0.31952662721893493,63.0,40.0,0.3883495145631068,8360.639648,7765.410156,16721.279296,0,8360.639648,7765.410156,16721.279296,0,8360.639648,7765.410156,16721.279296,0,0
373,2018-03-16,66,31,0.31958762886597936,47.0,28.0,0.37333333333333335,115.0,54.0,0.31952662721893493,8616.629883,7924.109863,17233.259766,0,8616.629883,7924.109863,17233.259766,0,8616.629883,7924.109863,17233.259766,0,0
374,2018-03-15,55,23,0.2948717948717949,66.0,31.0,0.31958762886597936,47.0,28.0,0.37333333333333335,8432.120117,7698.470215,16864.240234,0,8432.120117,7698.470215,16864.240234,0,8432.120117,7698.470215,16864.240234,0,1
375,2018-03-14,63,26,0.29213483146067415,55.0,23.0,0.2948717948717949,66.0,31.0,0.31958762886597936,9360.660156,7966.939941,18721.320312,0,9360.660156,7966.939941,18721.320312,0,9360.660156,7966.939941,18721.320312,0,0
376,2018-03-13,58,42,0.42,63.0,26.0,0.29213483146067415,55.0,23.0,0.2948717948717949,9486.120117,8856.650391,18972.240234,0,9486.120117,8856.650391,18972.240234,0,9486.120117,8856.650391,18972.240234,0,0
377,2018-03-12,60,27,0.3103448275862069,58.0,42.0,0.42,63.0,26.0,0.29213483146067415,4159.009766,3795.179932,8318.019532,0,4159.009766,3795.179932,8318.019532,0,4159.009766,3795.179932,8318.019532,0,1
378,2018-03-11,6,4,0.4,60.0,27.0,0.3103448275862069,58.0,42.0,0.42,6398.089844,6336.959961,12796.179688,0,6398.089844,6336.959961,12796.179688,0,6398.089844,6336.959961,12796.179688,0,0
379,2018-03-10,55,35,0.3888888888888889,6.0,4.0,0.4,60.0,27.0,0.3103448275862069,6622.319824,6486.859863,13244.639648,0,6622.319824,6486.859863,13244.639648,0,6622.319824,6486.859863,13244.639648,0,0
380,2018-03-09,36,25,0.4098360655737705,55.0,35.0,0.3888888888888889,6.0,4.0,0.4,7417.649902,7246.759766,14835.299804,0,7417.649902,7246.759766,14835.299804,0,7417.649902,7246.759766,14835.299804,0,0
381,2018-03-08,37,25,0.4032258064516129,36.0,25.0,0.4098360655737705,55.0,35.0,0.3888888888888889,7490.890137,6940.149902,14981.780274,0,7490.890137,6940.149902,14981.780274,0,7490.890137,6940.149902,14981.780274,0,0
382,2018-03-07,81,36,0.3076923076923077,37.0,25.0,0.4032258064516129,36.0,25.0,0.4098360655737705,6777.970215,6411.129883,13555.94043,0,6777.970215,6411.129883,13555.94043,0,6777.970215,6411.129883,13555.94043,0,1
383,2018-03-06,42,22,0.34375,81.0,36.0,0.3076923076923077,37.0,25.0,0.4032258064516129,7760.72998,7469.209961,15521.45996,0,7760.72998,7469.209961,15521.45996,0,7760.72998,7469.209961,15521.45996,0,0
384,2018-03-05,21,7,0.25,42.0,22.0,0.34375,81.0,36.0,0.3076923076923077,9785.150391,9547.209961,19570.300782,0,9785.150391,9547.209961,19570.300782,0,9785.150391,9547.209961,19570.300782,0,0
385,2018-03-04,30,21,0.4117647058823529,21.0,7.0,0.25,42.0,22.0,0.34375,7442.419922,6727.089844,14884.839844,0,7442.419922,6727.089844,14884.839844,0,7442.419922,6727.089844,14884.839844,0,1
386,2018-03-03,25,28,0.5283018867924528,30.0,21.0,0.4117647058823529,21.0,7.0,0.25,11530.660156,11043.120117,23061.320312,0,11530.660156,11043.120117,23061.320312,0,11530.660156,11043.120117,23061.320312,0,0
387,2018-03-02,37,29,0.4393939393939394,25.0,28.0,0.5283018867924528,30.0,21.0,0.4117647058823529,9504.370117,8194.679688,19008.740234,0,9504.370117,8194.679688,19008.740234,0,9504.370117,8194.679688,19008.740234,0,1
388,2018-03-01,34,27,0.4426229508196721,37.0,29.0,0.4393939393939394,25.0,28.0,0.5283018867924528,15435.009766,14579.709961,30870.019532,0,15435.009766,14579.709961,30870.019532,0,15435.009766,14579.709961,30870.019532,0,0
389,2018-02-28,47,25,0.3472222222222222,34.0,27.0,0.4426229508196721,37.0,29.0,0.4393939393939394,11067.759766,10303.139648,22135.519532,0,11067.759766,10303.139648,22135.519532,0,11067.759766,10303.139648,22135.519532,0,1
390,2018-02-27,46,31,0.4025974025974026,47.0,25.0,0.3472222222222222,34.0,27.0,0.4426229508196721,10879.379883,10154.240234,21758.759766,0,10879.379883,10154.240234,21758.759766,0,10879.379883,10154.240234,21758.759766,0,1
391,2018-02-26,46,27,0.3698630136986301,46.0,31.0,0.4025974025974026,47.0,25.0,0.3472222222222222,10457.509766,9411.820313,20915.019532,0,10457.509766,9411.820313,20915.019532,0,10457.509766,9411.820313,20915.019532,0,1
392,2018-02-25,35,22,0.38596491228070173,46.0,27.0,0.3698630136986301,46.0,31.0,0.4025974025974026,9873.790039,9329.44043,19747.580078,0,9873.790039,9329.44043,19747.580078,0,9873.790039,9329.44043,19747.580078,0,1
393,2018-02-24,29,20,0.40816326530612246,35.0,22.0,0.38596491228070173,46.0,27.0,0.3698630136986301,10528.0,9396.540039,21056.0,0,10528.0,9396.540039,21056.0,0,10528.0,9396.540039,21056.0,0,0
394,2018-02-23,35,35,0.5,29.0,20.0,0.40816326530612246,35.0,22.0,0.38596491228070173,10420.669922,9604.0,20841.339844,0,10420.669922,9604.0,20841.339844,0,10420.669922,9604.0,20841.339844,0,1
395,2018-02-22,27,11,0.2894736842105263,35.0,35.0,0.5,29.0,20.0,0.40816326530612246,10941.570313,9757.19043,21883.140626,0,10941.570313,9757.19043,21883.140626,0,10941.570313,9757.19043,21883.140626,0,0
396,2018-02-21,68,44,0.39285714285714285,27.0,11.0,0.2894736842105263,35.0,35.0,0.5,11295.580078,10256.209961,22591.160156,0,11295.580078,10256.209961,22591.160156,0,11295.580078,10256.209961,22591.160156,0,0
397,2018-02-20,56,40,0.4166666666666667,68.0,44.0,0.39285714285714285,27.0,11.0,0.2894736842105263,11802.230469,11130.950195,23604.460938,0,11802.230469,11130.950195,23604.460938,0,11802.230469,11130.950195,23604.460938,0,0
398,2018-02-19,96,40,0.29411764705882354,56.0,40.0,0.4166666666666667,68.0,44.0,0.39285714285714285,11265.959961,10336.320313,22531.919922,0,11265.959961,10336.320313,22531.919922,0,11265.959961,10336.320313,22531.919922,0,1
399,2018-02-18,74,57,0.4351145038167939,96.0,40.0,0.29411764705882354,56.0,40.0,0.4166666666666667,11288.339844,10161.009766,22576.679688,0,11288.339844,10161.009766,22576.679688,0,11288.339844,10161.009766,22576.679688,0,0
400,2018-02-17,32,18,0.36,74.0,57.0,0.4351145038167939,96.0,40.0,0.29411764705882354,11119.450195,10074.070313,22238.90039,0,11119.450195,10074.070313,22238.90039,0,11119.450195,10074.070313,22238.90039,0,1
401,2018-02-16,65,52,0.4444444444444444,32.0,18.0,0.36,74.0,57.0,0.4351145038167939,10303.139648,9720.379883,20606.279296,0,10303.139648,9720.379883,20606.279296,0,10303.139648,9720.379883,20606.279296,0,1
402,2018-02-15,97,68,0.4121212121212121,65.0,52.0,0.4444444444444444,32.0,18.0,0.36,10223.580078,9363.379883,20447.160156,0,10223.580078,9363.379883,20447.160156,0,10223.580078,9363.379883,20447.160156,0,1
403,2018-02-14,106,58,0.35365853658536583,97.0,68.0,0.4121212121212121,65.0,52.0,0.4444444444444444,9508.219727,8542.980469,19016.439454,0,9508.219727,8542.980469,19016.439454,0,9508.219727,8542.980469,19016.439454,0,1
404,2018-02-13,46,32,0.41025641025641024,106.0,58.0,0.35365853658536583,97.0,68.0,0.4121212121212121,8955.150391,8379.349609,17910.300782,0,8955.150391,8379.349609,17910.300782,0,8955.150391,8379.349609,17910.300782,0,1
405,2018-02-12,98,37,0.2740740740740741,46.0,32.0,0.41025641025641024,106.0,58.0,0.35365853658536583,4318.790039,4077.669922,8637.580078,0,4318.790039,4077.669922,8637.580078,0,4318.790039,4077.669922,8637.580078,0,1
406,2018-02-11,59,47,0.44339622641509435,98.0,37.0,0.2740740740740741,46.0,32.0,0.41025641025641024,6420.930176,6371.569824,12841.860352,0,6420.930176,6371.569824,12841.860352,0,6420.930176,6371.569824,12841.860352,0,0
407,2018-02-10,136,70,0.33980582524271846,59.0,47.0,0.44339622641509435,98.0,37.0,0.2740740740740741,6537.069824,6428.97998,13074.139648,0,6537.069824,6428.97998,13074.139648,0,6537.069824,6428.97998,13074.139648,0,0
408,2018-02-09,104,58,0.35802469135802467,136.0,70.0,0.33980582524271846,59.0,47.0,0.44339622641509435,7350.580078,7204.890137,14701.160156,0,7350.580078,7204.890137,14701.160156,0,7350.580078,7204.890137,14701.160156,0,0
409,2018-02-08,87,48,0.35555555555555557,104.0,58.0,0.35802469135802467,136.0,70.0,0.33980582524271846,7542.490234,7296.759766,15084.980468,0,7542.490234,7296.759766,15084.980468,0,7542.490234,7296.759766,15084.980468,0,0
410,2018-02-07,95,63,0.3987341772151899,87.0,48.0,0.35555555555555557,104.0,58.0,0.35802469135802467,6670.299805,6473.47998,13340.59961,0,6670.299805,6473.47998,13340.59961,0,6670.299805,6473.47998,13340.59961,0,1
411,2018-02-06,186,120,0.39215686274509803,95.0,63.0,0.3987341772151899,87.0,48.0,0.35555555555555557,7774.959961,7606.759766,15549.919922,0,7774.959961,7606.759766,15549.919922,0,7774.959961,7606.759766,15549.919922,0,0
412,2018-02-05,210,114,0.35185185185185186,186.0,120.0,0.39215686274509803,95.0,63.0,0.3987341772151899,9817.19043,9172.280273,19634.38086,0,9817.19043,9172.280273,19634.38086,0,9817.19043,9172.280273,19634.38086,0,0
413,2018-02-04,99,69,0.4107142857142857,210.0,114.0,0.35185185185185186,186.0,120.0,0.39215686274509803,7528.970215,7039.879883,15057.94043,0,7528.970215,7039.879883,15057.94043,0,7528.970215,7039.879883,15057.94043,0,1
414,2018-02-03,53,42,0.4421052631578947,99.0,69.0,0.4107142857142857,210.0,114.0,0.35185185185185186,11191.94043,10801.450195,22383.88086,0,11191.94043,10801.450195,22383.88086,0,11191.94043,10801.450195,22383.88086,0,0
415,2018-02-02,160,106,0.39849624060150374,53.0,42.0,0.4421052631578947,99.0,69.0,0.4107142857142857,9147.929688,7786.200195,18295.859376,0,9147.929688,7786.200195,18295.859376,0,9147.929688,7786.200195,18295.859376,0,1
416,2018-02-01,188,96,0.3380281690140845,160.0,106.0,0.39849624060150374,53.0,42.0,0.4421052631578947,15306.129883,12934.160156,30612.259766,0,15306.129883,12934.160156,30612.259766,0,15306.129883,12934.160156,30612.259766,0,0
417,2018-01-31,31,22,0.41509433962264153,188.0,96.0,0.3380281690140845,160.0,106.0,0.39849624060150374,10377.959961,9698.129883,20755.919922,0,10377.959961,9698.129883,20755.919922,0,10377.959961,9698.129883,20755.919922,0,1
418,2018-01-30,150,84,0.358974358974359,31.0,22.0,0.41509433962264153,188.0,96.0,0.3380281690140845,11263.700195,9871.209961,22527.40039,0,11263.700195,9871.209961,22527.40039,0,11263.700195,9871.209961,22527.40039,0,0
419,2018-01-29,52,29,0.35802469135802467,150.0,84.0,0.358974358974359,31.0,22.0,0.41509433962264153,11860.290039,11089.519531,23720.580078,0,11860.290039,11089.519531,23720.580078,0,11860.290039,11089.519531,23720.580078,0,0
420,2018-01-28,93,53,0.363013698630137,52.0,29.0,0.35802469135802467,150.0,84.0,0.358974358974359,12064.19043,11407.94043,24128.38086,0,12064.19043,11407.94043,24128.38086,0,12064.19043,11407.94043,24128.38086,0,0
421,2018-01-27,68,40,0.37037037037037035,93.0,53.0,0.363013698630137,52.0,29.0,0.35802469135802467,11638.69043,10879.200195,23277.38086,0,11638.69043,10879.200195,23277.38086,0,11638.69043,10879.200195,23277.38086,0,1
422,2018-01-26,58,44,0.43137254901960786,68.0,40.0,0.37037037037037035,93.0,53.0,0.363013698630137,11656.540039,10346.860352,23313.080078,0,11656.540039,10346.860352,23313.080078,0,11656.540039,10346.860352,23313.080078,0,0
423,2018-01-25,71,49,0.4083333333333333,58.0,44.0,0.43137254901960786,68.0,40.0,0.37037037037037035,11741.919922,10930.339844,23483.839844,0,11741.919922,10930.339844,23483.839844,0,11741.919922,10930.339844,23483.839844,0,0
424,2018-01-24,46,40,0.46511627906976744,71.0,49.0,0.4083333333333333,58.0,44.0,0.43137254901960786,11531.599609,10506.549805,23063.199218,0,11531.599609,10506.549805,23063.199218,0,11531.599609,10506.549805,23063.199218,0,1
425,2018-01-23,81,42,0.34146341463414637,46.0,40.0,0.46511627906976744,71.0,49.0,0.4083333333333333,11388.519531,9980.5,22777.039062,0,11388.519531,9980.5,22777.039062,0,11388.519531,9980.5,22777.039062,0,1
426,2018-01-22,124,95,0.4337899543378995,81.0,42.0,0.34146341463414637,46.0,40.0,0.46511627906976744,11913.740234,10067.759766,23827.480468,0,11913.740234,10067.759766,23827.480468,0,11913.740234,10067.759766,23827.480468,0,0
427,2018-01-21,98,60,0.379746835443038,124.0,95.0,0.4337899543378995,81.0,42.0,0.34146341463414637,12787.349609,11101.730469,25574.699218,0,12787.349609,11101.730469,25574.699218,0,12787.349609,11101.730469,25574.699218,0,0
428,2018-01-20,73,57,0.43846153846153846,98.0,60.0,0.379746835443038,124.0,95.0,0.4337899543378995,13031.040039,11502.110352,26062.080078,0,13031.040039,11502.110352,26062.080078,0,13031.040039,11502.110352,26062.080078,0,0
429,2018-01-19,57,25,0.3048780487804878,73.0,57.0,0.43846153846153846,98.0,60.0,0.379746835443038,11780.490234,10867.179688,23560.980468,0,11780.490234,10867.179688,23560.980468,0,11780.490234,10867.179688,23560.980468,0,1
430,2018-01-18,82,54,0.39705882352941174,57.0,25.0,0.3048780487804878,73.0,57.0,0.43846153846153846,12018.429688,10642.330078,24036.859376,0,12018.429688,10642.330078,24036.859376,0,12018.429688,10642.330078,24036.859376,0,0
431,2018-01-17,202,130,0.39156626506024095,82.0,54.0,0.39705882352941174,57.0,25.0,0.3048780487804878,11736.299805,9205.379883,23472.59961,0,11736.299805,9205.379883,23472.59961,0,11736.299805,9205.379883,23472.59961,0,1
432,2018-01-16,146,97,0.3991769547325103,202.0,130.0,0.39156626506024095,82.0,54.0,0.39705882352941174,13648.839844,10032.69043,27297.679688,0,13648.839844,10032.69043,27297.679688,0,13648.839844,10032.69043,27297.679688,0,0
433,2018-01-15,55,48,0.46601941747572817,146.0,97.0,0.3991769547325103,202.0,130.0,0.39156626506024095,14355.820313,13416.709961,28711.640626,0,14355.820313,13416.709961,28711.640626,0,14355.820313,13416.709961,28711.640626,0,0
434,2018-01-14,13,18,0.5806451612903226,55.0,48.0,0.46601941747572817,146.0,97.0,0.3991769547325103,14415.669922,13031.910156,28831.339844,0,14415.669922,13031.910156,28831.339844,0,14415.669922,13031.910156,28831.339844,0,0
435,2018-01-13,13,11,0.4583333333333333,13.0,18.0,0.5806451612903226,55.0,48.0,0.46601941747572817,14595.040039,13830.280273,29190.080078,0,14595.040039,13830.280273,29190.080078,0,14595.040039,13830.280273,29190.080078,0,0
436,2018-01-12,24,13,0.35135135135135137,13.0,11.0,0.4583333333333333,13.0,18.0,0.5806451612903226,4309.649902,3942.620117,8619.299804,0,4309.649902,3942.620117,8619.299804,0,4309.649902,3942.620117,8619.299804,0,1
437,2018-01-11,26,20,0.43478260869565216,24.0,13.0,0.35135135135135137,13.0,11.0,0.4583333333333333,6402.589844,6322.600098,12805.179688,0,6402.589844,6322.600098,12805.179688,0,6402.589844,6322.600098,12805.179688,0,0
438,2018-01-10,36,29,0.4461538461538462,26.0,20.0,0.43478260869565216,24.0,13.0,0.35135135135135137,6618.950195,6478.040039,13237.90039,0,6618.950195,6478.040039,13237.90039,0,6618.950195,6478.040039,13237.90039,0,0
439,2018-01-09,17,14,0.45161290322580644,36.0,29.0,0.4461538461538462,26.0,20.0,0.43478260869565216,7384.379883,7144.709961,14768.759766,0,7384.379883,7144.709961,14768.759766,0,7384.379883,7144.709961,14768.759766,0,0
440,2018-01-08,73,45,0.3813559322033898,17.0,14.0,0.45161290322580644,36.0,29.0,0.4461538461538462,7713.319824,7470.859863,15426.639648,0,7713.319824,7470.859863,15426.639648,0,7713.319824,7470.859863,15426.639648,0,0
441,2018-01-07,15,17,0.53125,73.0,45.0,0.3813559322033898,17.0,14.0,0.45161290322580644,6673.709961,5537.859863,13347.419922,0,6673.709961,5537.859863,13347.419922,0,6673.709961,5537.859863,13347.419922,0,1
442,2018-01-06,44,19,0.30158730158730157,15.0,17.0,0.53125,73.0,45.0,0.3813559322033898,7697.339844,7467.790039,15394.679688,0,7697.339844,7467.790039,15394.679688,0,7697.339844,7467.790039,15394.679688,0,0
443,2018-01-05,52,36,0.4090909090909091,44.0,19.0,0.30158730158730157,15.0,17.0,0.53125,9271.620117,8993.820313,18543.240234,0,9271.620117,8993.820313,18543.240234,0,9271.620117,8993.820313,18543.240234,0,0
444,2018-01-04,25,14,0.358974358974359,52.0,36.0,0.4090909090909091,44.0,19.0,0.30158730158730157,8218.660156,6792.299805,16437.320312,0,8218.660156,6792.299805,16437.320312,0,8218.660156,6792.299805,16437.320312,0,1
445,2018-01-03,24,25,0.5102040816326531,25.0,14.0,0.358974358974359,52.0,36.0,0.4090909090909091,11090.299805,10247.55957,22180.59961,0,11090.299805,10247.55957,22180.59961,0,11090.299805,10247.55957,22180.59961,0,0
446,2018-01-02,75,37,0.33035714285714285,24.0,25.0,0.5102040816326531,25.0,14.0,0.358974358974359,10280.839844,8726.950195,20561.679688,0,10280.839844,8726.950195,20561.679688,0,10280.839844,8726.950195,20561.679688,0,1
447,2018-01-01,69,38,0.35514018691588783,75.0,37.0,0.33035714285714285,24.0,25.0,0.5102040816326531,13921.530273,12877.669922,27843.060546,0,13921.530273,12877.669922,27843.060546,0,13921.530273,12877.669922,27843.060546,0,0
