,date,negatives,positives,ratio,negatives (t-1),positives (t-1),ratio (t-1),negatives (t-2),positives (t-2),ratio (t-2),negatives (t-3),positives (t-3),ratio (t-3),negatives (t-4),positives (t-4),ratio (t-4),negatives (t-5),positives (t-5),ratio (t-5),negatives (t-6),positives (t-6),ratio (t-6),negatives (t-7),positives (t-7),ratio (t-7),label
0,2019-05-03,7.0,8.0,0.5333333333333333,11.0,12.0,0.5217391304347826,11.0,12.0,0.5217391304347826,5.0,3.0,0.375,5.0,2.0,0.2857142857142857,0.0,0.0,0.0,0.0,0.0,0.0,14.0,9.0,0.391304347826087,0
1,2019-05-02,11.0,12.0,0.5217391304347826,11.0,12.0,0.5217391304347826,5.0,3.0,0.375,5.0,2.0,0.2857142857142857,0.0,0.0,0.0,0.0,0.0,0.0,14.0,9.0,0.391304347826087,18.0,7.0,0.28,1
2,2019-05-01,11.0,12.0,0.5217391304347826,5.0,3.0,0.375,5.0,2.0,0.2857142857142857,0.0,0.0,0.0,0.0,0.0,0.0,14.0,9.0,0.391304347826087,18.0,7.0,0.28,7.0,5.0,0.4166666666666667,0
3,2019-04-30,5.0,3.0,0.375,5.0,2.0,0.2857142857142857,0.0,0.0,0.0,0.0,0.0,0.0,14.0,9.0,0.391304347826087,18.0,7.0,0.28,7.0,5.0,0.4166666666666667,14.0,7.0,0.3333333333333333,0
4,2019-04-29,5.0,2.0,0.2857142857142857,0.0,0.0,0.0,0.0,0.0,0.0,14.0,9.0,0.391304347826087,18.0,7.0,0.28,7.0,5.0,0.4166666666666667,14.0,7.0,0.3333333333333333,6.0,5.0,0.45454545454545453,1
5,2019-04-26,14.0,9.0,0.391304347826087,18.0,7.0,0.28,7.0,5.0,0.4166666666666667,14.0,7.0,0.3333333333333333,6.0,5.0,0.45454545454545453,0.0,0.0,0.0,0.0,0.0,0.0,0.0,0.0,0.0,1
6,2019-04-25,18.0,7.0,0.28,7.0,5.0,0.4166666666666667,14.0,7.0,0.3333333333333333,6.0,5.0,0.45454545454545453,0.0,0.0,0.0,0.0,0.0,0.0,0.0,0.0,0.0,8.0,14.0,0.6363636363636364,1
7,2019-04-24,7.0,5.0,0.4166666666666667,14.0,7.0,0.3333333333333333,6.0,5.0,0.45454545454545453,0.0,0.0,0.0,0.0,0.0,0.0,0.0,0.0,0.0,8.0,14.0,0.6363636363636364,8.0,5.0,0.38461538461538464,0
8,2019-04-23,14.0,7.0,0.3333333333333333,6.0,5.0,0.45454545454545453,0.0,0.0,0.0,0.0,0.0,0.0,0.0,0.0,0.0,8.0,14.0,0.6363636363636364,8.0,5.0,0.38461538461538464,13.0,8.0,0.38095238095238093,0
9,2019-04-22,6.0,5.0,0.45454545454545453,0.0,0.0,0.0,0.0,0.0,0.0,0.0,0.0,0.0,8.0,14.0,0.6363636363636364,8.0,5.0,0.38461538461538464,13.0,8.0,0.38095238095238093,9.0,7.0,0.4375,1
10,2019-04-18,8.0,14.0,0.6363636363636364,8.0,5.0,0.38461538461538464,13.0,8.0,0.38095238095238093,9.0,7.0,0.4375,0.0,0.0,0.0,0.0,0.0,0.0,13.0,9.0,0.4090909090909091,6.0,3.0,0.3333333333333333,0
11,2019-04-17,8.0,5.0,0.38461538461538464,13.0,8.0,0.38095238095238093,9.0,7.0,0.4375,0.0,0.0,0.0,0.0,0.0,0.0,13.0,9.0,0.4090909090909091,6.0,3.0,0.3333333333333333,11.0,7.0,0.3888888888888889,1
12,2019-04-16,13.0,8.0,0.38095238095238093,9.0,7.0,0.4375,0.0,0.0,0.0,0.0,0.0,0.0,13.0,9.0,0.4090909090909091,6.0,3.0,0.3333333333333333,11.0,7.0,0.3888888888888889,12.0,10.0,0.45454545454545453,0
13,2019-04-15,9.0,7.0,0.4375,0.0,0.0,0.0,0.0,0.0,0.0,13.0,9.0,0.4090909090909091,6.0,3.0,0.3333333333333333,11.0,7.0,0.3888888888888889,12.0,10.0,0.45454545454545453,13.0,12.0,0.48,1
14,2019-04-12,13.0,9.0,0.4090909090909091,6.0,3.0,0.3333333333333333,11.0,7.0,0.3888888888888889,12.0,10.0,0.45454545454545453,13.0,12.0,0.48,0.0,0.0,0.0,0.0,0.0,0.0,20.0,10.0,0.3333333333333333,0
15,2019-04-11,6.0,3.0,0.3333333333333333,11.0,7.0,0.3888888888888889,12.0,10.0,0.45454545454545453,13.0,12.0,0.48,0.0,0.0,0.0,0.0,0.0,0.0,20.0,10.0,0.3333333333333333,20.0,13.0,0.3939393939393939,1
16,2019-04-10,11.0,7.0,0.3888888888888889,12.0,10.0,0.45454545454545453,13.0,12.0,0.48,0.0,0.0,0.0,0.0,0.0,0.0,20.0,10.0,0.3333333333333333,20.0,13.0,0.3939393939393939,14.0,10.0,0.4166666666666667,0
17,2019-04-09,12.0,10.0,0.45454545454545453,13.0,12.0,0.48,0.0,0.0,0.0,0.0,0.0,0.0,20.0,10.0,0.3333333333333333,20.0,13.0,0.3939393939393939,14.0,10.0,0.4166666666666667,9.0,6.0,0.4,1
18,2019-04-08,13.0,12.0,0.48,0.0,0.0,0.0,0.0,0.0,0.0,20.0,10.0,0.3333333333333333,20.0,13.0,0.3939393939393939,14.0,10.0,0.4166666666666667,9.0,6.0,0.4,26.0,13.0,0.3333333333333333,0
19,2019-04-05,20.0,10.0,0.3333333333333333,20.0,13.0,0.3939393939393939,14.0,10.0,0.4166666666666667,9.0,6.0,0.4,26.0,13.0,0.3333333333333333,0.0,0.0,0.0,0.0,0.0,0.0,12.0,16.0,0.5714285714285714,0
20,2019-04-04,20.0,13.0,0.3939393939393939,14.0,10.0,0.4166666666666667,9.0,6.0,0.4,26.0,13.0,0.3333333333333333,0.0,0.0,0.0,0.0,0.0,0.0,12.0,16.0,0.5714285714285714,12.0,6.0,0.3333333333333333,1
21,2019-04-03,14.0,10.0,0.4166666666666667,9.0,6.0,0.4,26.0,13.0,0.3333333333333333,0.0,0.0,0.0,0.0,0.0,0.0,12.0,16.0,0.5714285714285714,12.0,6.0,0.3333333333333333,29.0,15.0,0.3409090909090909,1
22,2019-04-02,9.0,6.0,0.4,26.0,13.0,0.3333333333333333,0.0,0.0,0.0,0.0,0.0,0.0,12.0,16.0,0.5714285714285714,12.0,6.0,0.3333333333333333,29.0,15.0,0.3409090909090909,17.0,11.0,0.39285714285714285,1
23,2019-04-01,26.0,13.0,0.3333333333333333,0.0,0.0,0.0,0.0,0.0,0.0,12.0,16.0,0.5714285714285714,12.0,6.0,0.3333333333333333,29.0,15.0,0.3409090909090909,17.0,11.0,0.39285714285714285,21.0,14.0,0.4,0
24,2019-03-29,12.0,16.0,0.5714285714285714,12.0,6.0,0.3333333333333333,29.0,15.0,0.3409090909090909,17.0,11.0,0.39285714285714285,21.0,14.0,0.4,0.0,0.0,0.0,0.0,0.0,0.0,30.0,24.0,0.4444444444444444,1
25,2019-03-28,12.0,6.0,0.3333333333333333,29.0,15.0,0.3409090909090909,17.0,11.0,0.39285714285714285,21.0,14.0,0.4,0.0,0.0,0.0,0.0,0.0,0.0,30.0,24.0,0.4444444444444444,34.0,14.0,0.2916666666666667,1
26,2019-03-27,29.0,15.0,0.3409090909090909,17.0,11.0,0.39285714285714285,21.0,14.0,0.4,0.0,0.0,0.0,0.0,0.0,0.0,30.0,24.0,0.4444444444444444,34.0,14.0,0.2916666666666667,17.0,10.0,0.37037037037037035,1
27,2019-03-26,17.0,11.0,0.39285714285714285,21.0,14.0,0.4,0.0,0.0,0.0,0.0,0.0,0.0,30.0,24.0,0.4444444444444444,34.0,14.0,0.2916666666666667,17.0,10.0,0.37037037037037035,23.0,5.0,0.17857142857142858,0
28,2019-03-25,21.0,14.0,0.4,0.0,0.0,0.0,0.0,0.0,0.0,30.0,24.0,0.4444444444444444,34.0,14.0,0.2916666666666667,17.0,10.0,0.37037037037037035,23.0,5.0,0.17857142857142858,12.0,9.0,0.42857142857142855,1
29,2019-03-22,30.0,24.0,0.4444444444444444,34.0,14.0,0.2916666666666667,17.0,10.0,0.37037037037037035,23.0,5.0,0.17857142857142858,12.0,9.0,0.42857142857142855,0.0,0.0,0.0,0.0,0.0,0.0,16.0,12.0,0.42857142857142855,1
30,2019-03-21,34.0,14.0,0.2916666666666667,17.0,10.0,0.37037037037037035,23.0,5.0,0.17857142857142858,12.0,9.0,0.42857142857142855,0.0,0.0,0.0,0.0,0.0,0.0,16.0,12.0,0.42857142857142855,9.0,8.0,0.47058823529411764,0
31,2019-03-20,17.0,10.0,0.37037037037037035,23.0,5.0,0.17857142857142858,12.0,9.0,0.42857142857142855,0.0,0.0,0.0,0.0,0.0,0.0,16.0,12.0,0.42857142857142855,9.0,8.0,0.47058823529411764,13.0,10.0,0.43478260869565216,1
32,2019-03-19,23.0,5.0,0.17857142857142858,12.0,9.0,0.42857142857142855,0.0,0.0,0.0,0.0,0.0,0.0,16.0,12.0,0.42857142857142855,9.0,8.0,0.47058823529411764,13.0,10.0,0.43478260869565216,5.0,2.0,0.2857142857142857,0
33,2019-03-18,12.0,9.0,0.42857142857142855,0.0,0.0,0.0,0.0,0.0,0.0,16.0,12.0,0.42857142857142855,9.0,8.0,0.47058823529411764,13.0,10.0,0.43478260869565216,5.0,2.0,0.2857142857142857,34.0,12.0,0.2608695652173913,0
34,2019-03-15,16.0,12.0,0.42857142857142855,9.0,8.0,0.47058823529411764,13.0,10.0,0.43478260869565216,5.0,2.0,0.2857142857142857,34.0,12.0,0.2608695652173913,0.0,0.0,0.0,0.0,0.0,0.0,16.0,18.0,0.5294117647058824,1
35,2019-03-14,9.0,8.0,0.47058823529411764,13.0,10.0,0.43478260869565216,5.0,2.0,0.2857142857142857,34.0,12.0,0.2608695652173913,0.0,0.0,0.0,0.0,0.0,0.0,16.0,18.0,0.5294117647058824,17.0,10.0,0.37037037037037035,1
36,2019-03-13,13.0,10.0,0.43478260869565216,5.0,2.0,0.2857142857142857,34.0,12.0,0.2608695652173913,0.0,0.0,0.0,0.0,0.0,0.0,16.0,18.0,0.5294117647058824,17.0,10.0,0.37037037037037035,19.0,13.0,0.40625,1
37,2019-03-12,5.0,2.0,0.2857142857142857,34.0,12.0,0.2608695652173913,0.0,0.0,0.0,0.0,0.0,0.0,16.0,18.0,0.5294117647058824,17.0,10.0,0.37037037037037035,19.0,13.0,0.40625,14.0,23.0,0.6216216216216216,1
38,2019-03-11,34.0,12.0,0.2608695652173913,0.0,0.0,0.0,0.0,0.0,0.0,16.0,18.0,0.5294117647058824,17.0,10.0,0.37037037037037035,19.0,13.0,0.40625,14.0,23.0,0.6216216216216216,38.0,32.0,0.45714285714285713,0
39,2019-03-08,16.0,18.0,0.5294117647058824,17.0,10.0,0.37037037037037035,19.0,13.0,0.40625,14.0,23.0,0.6216216216216216,38.0,32.0,0.45714285714285713,0.0,0.0,0.0,0.0,0.0,0.0,14.0,12.0,0.46153846153846156,1
40,2019-03-07,17.0,10.0,0.37037037037037035,19.0,13.0,0.40625,14.0,23.0,0.6216216216216216,38.0,32.0,0.45714285714285713,0.0,0.0,0.0,0.0,0.0,0.0,14.0,12.0,0.46153846153846156,15.0,11.0,0.4230769230769231,0
41,2019-03-06,19.0,13.0,0.40625,14.0,23.0,0.6216216216216216,38.0,32.0,0.45714285714285713,0.0,0.0,0.0,0.0,0.0,0.0,14.0,12.0,0.46153846153846156,15.0,11.0,0.4230769230769231,11.0,7.0,0.3888888888888889,0
42,2019-03-05,14.0,23.0,0.6216216216216216,38.0,32.0,0.45714285714285713,0.0,0.0,0.0,0.0,0.0,0.0,14.0,12.0,0.46153846153846156,15.0,11.0,0.4230769230769231,11.0,7.0,0.3888888888888889,10.0,9.0,0.47368421052631576,0
43,2019-03-04,38.0,32.0,0.45714285714285713,0.0,0.0,0.0,0.0,0.0,0.0,14.0,12.0,0.46153846153846156,15.0,11.0,0.4230769230769231,11.0,7.0,0.3888888888888889,10.0,9.0,0.47368421052631576,19.0,10.0,0.3448275862068966,0
44,2019-03-01,14.0,12.0,0.46153846153846156,15.0,11.0,0.4230769230769231,11.0,7.0,0.3888888888888889,10.0,9.0,0.47368421052631576,19.0,10.0,0.3448275862068966,0.0,0.0,0.0,0.0,0.0,0.0,19.0,12.0,0.3870967741935484,0
45,2019-02-28,15.0,11.0,0.4230769230769231,11.0,7.0,0.3888888888888889,10.0,9.0,0.47368421052631576,19.0,10.0,0.3448275862068966,0.0,0.0,0.0,0.0,0.0,0.0,19.0,12.0,0.3870967741935484,11.0,8.0,0.42105263157894735,1
46,2019-02-27,11.0,7.0,0.3888888888888889,10.0,9.0,0.47368421052631576,19.0,10.0,0.3448275862068966,0.0,0.0,0.0,0.0,0.0,0.0,19.0,12.0,0.3870967741935484,11.0,8.0,0.42105263157894735,24.0,15.0,0.38461538461538464,0
47,2019-02-26,10.0,9.0,0.47368421052631576,19.0,10.0,0.3448275862068966,0.0,0.0,0.0,0.0,0.0,0.0,19.0,12.0,0.3870967741935484,11.0,8.0,0.42105263157894735,24.0,15.0,0.38461538461538464,17.0,16.0,0.48484848484848486,0
48,2019-02-25,19.0,10.0,0.3448275862068966,0.0,0.0,0.0,0.0,0.0,0.0,19.0,12.0,0.3870967741935484,11.0,8.0,0.42105263157894735,24.0,15.0,0.38461538461538464,17.0,16.0,0.48484848484848486,0.0,0.0,0.0,0
49,2019-02-22,19.0,12.0,0.3870967741935484,11.0,8.0,0.42105263157894735,24.0,15.0,0.38461538461538464,17.0,16.0,0.48484848484848486,0.0,0.0,0.0,0.0,0.0,0.0,0.0,0.0,0.0,40.0,25.0,0.38461538461538464,1
50,2019-02-21,11.0,8.0,0.42105263157894735,24.0,15.0,0.38461538461538464,17.0,16.0,0.48484848484848486,0.0,0.0,0.0,0.0,0.0,0.0,0.0,0.0,0.0,40.0,25.0,0.38461538461538464,27.0,23.0,0.46,1
51,2019-02-20,24.0,15.0,0.38461538461538464,17.0,16.0,0.48484848484848486,0.0,0.0,0.0,0.0,0.0,0.0,0.0,0.0,0.0,40.0,25.0,0.38461538461538464,27.0,23.0,0.46,12.0,13.0,0.52,0
52,2019-02-19,17.0,16.0,0.48484848484848486,0.0,0.0,0.0,0.0,0.0,0.0,0.0,0.0,0.0,40.0,25.0,0.38461538461538464,27.0,23.0,0.46,12.0,13.0,0.52,26.0,17.0,0.3953488372093023,1
53,2019-02-15,40.0,25.0,0.38461538461538464,27.0,23.0,0.46,12.0,13.0,0.52,26.0,17.0,0.3953488372093023,11.0,14.0,0.56,0.0,0.0,0.0,0.0,0.0,0.0,19.0,19.0,0.5,1
54,2019-02-14,27.0,23.0,0.46,12.0,13.0,0.52,26.0,17.0,0.3953488372093023,11.0,14.0,0.56,0.0,0.0,0.0,0.0,0.0,0.0,19.0,19.0,0.5,16.0,27.0,0.627906976744186,1
55,2019-02-13,12.0,13.0,0.52,26.0,17.0,0.3953488372093023,11.0,14.0,0.56,0.0,0.0,0.0,0.0,0.0,0.0,19.0,19.0,0.5,16.0,27.0,0.627906976744186,19.0,11.0,0.36666666666666664,0
56,2019-02-12,26.0,17.0,0.3953488372093023,11.0,14.0,0.56,0.0,0.0,0.0,0.0,0.0,0.0,19.0,19.0,0.5,16.0,27.0,0.627906976744186,19.0,11.0,0.36666666666666664,17.0,11.0,0.39285714285714285,1
57,2019-02-11,11.0,14.0,0.56,0.0,0.0,0.0,0.0,0.0,0.0,19.0,19.0,0.5,16.0,27.0,0.627906976744186,19.0,11.0,0.36666666666666664,17.0,11.0,0.39285714285714285,8.0,13.0,0.6190476190476191,1
58,2019-02-08,19.0,19.0,0.5,16.0,27.0,0.627906976744186,19.0,11.0,0.36666666666666664,17.0,11.0,0.39285714285714285,8.0,13.0,0.6190476190476191,0.0,0.0,0.0,0.0,0.0,0.0,14.0,14.0,0.5,0
59,2019-02-07,16.0,27.0,0.627906976744186,19.0,11.0,0.36666666666666664,17.0,11.0,0.39285714285714285,8.0,13.0,0.6190476190476191,0.0,0.0,0.0,0.0,0.0,0.0,14.0,14.0,0.5,12.0,9.0,0.42857142857142855,0
60,2019-02-06,19.0,11.0,0.36666666666666664,17.0,11.0,0.39285714285714285,8.0,13.0,0.6190476190476191,0.0,0.0,0.0,0.0,0.0,0.0,14.0,14.0,0.5,12.0,9.0,0.42857142857142855,23.0,22.0,0.4888888888888889,0
61,2019-02-05,17.0,11.0,0.39285714285714285,8.0,13.0,0.6190476190476191,0.0,0.0,0.0,0.0,0.0,0.0,14.0,14.0,0.5,12.0,9.0,0.42857142857142855,23.0,22.0,0.4888888888888889,16.0,10.0,0.38461538461538464,0
62,2019-02-04,8.0,13.0,0.6190476190476191,0.0,0.0,0.0,0.0,0.0,0.0,14.0,14.0,0.5,12.0,9.0,0.42857142857142855,23.0,22.0,0.4888888888888889,16.0,10.0,0.38461538461538464,19.0,14.0,0.42424242424242425,1
63,2019-02-01,14.0,14.0,0.5,12.0,9.0,0.42857142857142855,23.0,22.0,0.4888888888888889,16.0,10.0,0.38461538461538464,19.0,14.0,0.42424242424242425,0.0,0.0,0.0,0.0,0.0,0.0,15.0,8.0,0.34782608695652173,1
64,2019-01-31,12.0,9.0,0.42857142857142855,23.0,22.0,0.4888888888888889,16.0,10.0,0.38461538461538464,19.0,14.0,0.42424242424242425,0.0,0.0,0.0,0.0,0.0,0.0,15.0,8.0,0.34782608695652173,14.0,5.0,0.2631578947368421,1
65,2019-01-30,23.0,22.0,0.4888888888888889,16.0,10.0,0.38461538461538464,19.0,14.0,0.42424242424242425,0.0,0.0,0.0,0.0,0.0,0.0,15.0,8.0,0.34782608695652173,14.0,5.0,0.2631578947368421,21.0,7.0,0.25,0
66,2019-01-29,16.0,10.0,0.38461538461538464,19.0,14.0,0.42424242424242425,0.0,0.0,0.0,0.0,0.0,0.0,15.0,8.0,0.34782608695652173,14.0,5.0,0.2631578947368421,21.0,7.0,0.25,15.0,15.0,0.5,1
67,2019-01-28,19.0,14.0,0.42424242424242425,0.0,0.0,0.0,0.0,0.0,0.0,15.0,8.0,0.34782608695652173,14.0,5.0,0.2631578947368421,21.0,7.0,0.25,15.0,15.0,0.5,0.0,0.0,0.0,1
68,2019-01-25,15.0,8.0,0.34782608695652173,14.0,5.0,0.2631578947368421,21.0,7.0,0.25,15.0,15.0,0.5,0.0,0.0,0.0,0.0,0.0,0.0,0.0,0.0,0.0,28.0,24.0,0.46153846153846156,0
69,2019-01-24,14.0,5.0,0.2631578947368421,21.0,7.0,0.25,15.0,15.0,0.5,0.0,0.0,0.0,0.0,0.0,0.0,0.0,0.0,0.0,28.0,24.0,0.46153846153846156,35.0,31.0,0.4696969696969697,1
70,2019-01-23,21.0,7.0,0.25,15.0,15.0,0.5,0.0,0.0,0.0,0.0,0.0,0.0,0.0,0.0,0.0,28.0,24.0,0.46153846153846156,35.0,31.0,0.4696969696969697,26.0,25.0,0.49019607843137253,0
71,2019-01-22,15.0,15.0,0.5,0.0,0.0,0.0,0.0,0.0,0.0,0.0,0.0,0.0,28.0,24.0,0.46153846153846156,35.0,31.0,0.4696969696969697,26.0,25.0,0.49019607843137253,9.0,7.0,0.4375,1
72,2019-01-18,28.0,24.0,0.46153846153846156,35.0,31.0,0.4696969696969697,26.0,25.0,0.49019607843137253,9.0,7.0,0.4375,18.0,12.0,0.4,0.0,0.0,0.0,0.0,0.0,0.0,15.0,10.0,0.4,0
73,2019-01-17,35.0,31.0,0.4696969696969697,26.0,25.0,0.49019607843137253,9.0,7.0,0.4375,18.0,12.0,0.4,0.0,0.0,0.0,0.0,0.0,0.0,15.0,10.0,0.4,37.0,27.0,0.421875,1
74,2019-01-16,26.0,25.0,0.49019607843137253,9.0,7.0,0.4375,18.0,12.0,0.4,0.0,0.0,0.0,0.0,0.0,0.0,15.0,10.0,0.4,37.0,27.0,0.421875,35.0,22.0,0.38596491228070173,1
75,2019-01-15,9.0,7.0,0.4375,18.0,12.0,0.4,0.0,0.0,0.0,0.0,0.0,0.0,15.0,10.0,0.4,37.0,27.0,0.421875,35.0,22.0,0.38596491228070173,20.0,18.0,0.47368421052631576,1
76,2019-01-14,18.0,12.0,0.4,0.0,0.0,0.0,0.0,0.0,0.0,15.0,10.0,0.4,37.0,27.0,0.421875,35.0,22.0,0.38596491228070173,20.0,18.0,0.47368421052631576,10.0,13.0,0.5652173913043478,1
77,2019-01-11,15.0,10.0,0.4,37.0,27.0,0.421875,35.0,22.0,0.38596491228070173,20.0,18.0,0.47368421052631576,10.0,13.0,0.5652173913043478,0.0,0.0,0.0,0.0,0.0,0.0,40.0,39.0,0.4936708860759494,0
78,2019-01-10,37.0,27.0,0.421875,35.0,22.0,0.38596491228070173,20.0,18.0,0.47368421052631576,10.0,13.0,0.5652173913043478,0.0,0.0,0.0,0.0,0.0,0.0,40.0,39.0,0.4936708860759494,41.0,28.0,0.4057971014492754,0
79,2019-01-09,35.0,22.0,0.38596491228070173,20.0,18.0,0.47368421052631576,10.0,13.0,0.5652173913043478,0.0,0.0,0.0,0.0,0.0,0.0,40.0,39.0,0.4936708860759494,41.0,28.0,0.4057971014492754,35.0,34.0,0.4927536231884058,1
80,2019-01-08,20.0,18.0,0.47368421052631576,10.0,13.0,0.5652173913043478,0.0,0.0,0.0,0.0,0.0,0.0,40.0,39.0,0.4936708860759494,41.0,28.0,0.4057971014492754,35.0,34.0,0.4927536231884058,0.0,0.0,0.0,1
81,2019-01-07,10.0,13.0,0.5652173913043478,0.0,0.0,0.0,0.0,0.0,0.0,40.0,39.0,0.4936708860759494,41.0,28.0,0.4057971014492754,35.0,34.0,0.4927536231884058,0.0,0.0,0.0,26.0,27.0,0.5094339622641509,1
82,2019-01-04,40.0,39.0,0.4936708860759494,41.0,28.0,0.4057971014492754,35.0,34.0,0.4927536231884058,0.0,0.0,0.0,26.0,27.0,0.5094339622641509,0.0,0.0,0.0,0.0,0.0,0.0,57.0,58.0,0.5043478260869565,1
83,2019-01-03,41.0,28.0,0.4057971014492754,35.0,34.0,0.4927536231884058,0.0,0.0,0.0,26.0,27.0,0.5094339622641509,0.0,0.0,0.0,0.0,0.0,0.0,57.0,58.0,0.5043478260869565,86.0,76.0,0.4691358024691358,1
84,2019-01-02,35.0,34.0,0.4927536231884058,0.0,0.0,0.0,26.0,27.0,0.5094339622641509,0.0,0.0,0.0,0.0,0.0,0.0,57.0,58.0,0.5043478260869565,86.0,76.0,0.4691358024691358,88.0,83.0,0.4853801169590643,0
85,2018-12-31,26.0,27.0,0.5094339622641509,0.0,0.0,0.0,0.0,0.0,0.0,57.0,58.0,0.5043478260869565,86.0,76.0,0.4691358024691358,88.0,83.0,0.4853801169590643,0.0,0.0,0.0,73.0,51.0,0.4112903225806452,1
86,2018-12-28,57.0,58.0,0.5043478260869565,86.0,76.0,0.4691358024691358,88.0,83.0,0.4853801169590643,0.0,0.0,0.0,73.0,51.0,0.4112903225806452,0.0,0.0,0.0,0.0,0.0,0.0,44.0,45.0,0.5056179775280899,1
87,2018-12-27,86.0,76.0,0.4691358024691358,88.0,83.0,0.4853801169590643,0.0,0.0,0.0,73.0,51.0,0.4112903225806452,0.0,0.0,0.0,0.0,0.0,0.0,44.0,45.0,0.5056179775280899,50.0,47.0,0.4845360824742268,0
88,2018-12-26,88.0,83.0,0.4853801169590643,0.0,0.0,0.0,73.0,51.0,0.4112903225806452,0.0,0.0,0.0,0.0,0.0,0.0,44.0,45.0,0.5056179775280899,50.0,47.0,0.4845360824742268,59.0,45.0,0.4326923076923077,1
89,2018-12-24,73.0,51.0,0.4112903225806452,0.0,0.0,0.0,0.0,0.0,0.0,44.0,45.0,0.5056179775280899,50.0,47.0,0.4845360824742268,59.0,45.0,0.4326923076923077,47.0,32.0,0.4050632911392405,34.0,46.0,0.575,1
90,2018-12-21,44.0,45.0,0.5056179775280899,50.0,47.0,0.4845360824742268,59.0,45.0,0.4326923076923077,47.0,32.0,0.4050632911392405,34.0,46.0,0.575,0.0,0.0,0.0,0.0,0.0,0.0,31.0,20.0,0.39215686274509803,0
91,2018-12-20,50.0,47.0,0.4845360824742268,59.0,45.0,0.4326923076923077,47.0,32.0,0.4050632911392405,34.0,46.0,0.575,0.0,0.0,0.0,0.0,0.0,0.0,31.0,20.0,0.39215686274509803,23.0,16.0,0.41025641025641024,0
92,2018-12-19,59.0,45.0,0.4326923076923077,47.0,32.0,0.4050632911392405,34.0,46.0,0.575,0.0,0.0,0.0,0.0,0.0,0.0,31.0,20.0,0.39215686274509803,23.0,16.0,0.41025641025641024,25.0,14.0,0.358974358974359,0
93,2018-12-18,47.0,32.0,0.4050632911392405,34.0,46.0,0.575,0.0,0.0,0.0,0.0,0.0,0.0,31.0,20.0,0.39215686274509803,23.0,16.0,0.41025641025641024,25.0,14.0,0.358974358974359,33.0,30.0,0.47619047619047616,0
94,2018-12-17,34.0,46.0,0.575,0.0,0.0,0.0,0.0,0.0,0.0,31.0,20.0,0.39215686274509803,23.0,16.0,0.41025641025641024,25.0,14.0,0.358974358974359,33.0,30.0,0.47619047619047616,35.0,25.0,0.4166666666666667,1
95,2018-12-14,31.0,20.0,0.39215686274509803,23.0,16.0,0.41025641025641024,25.0,14.0,0.358974358974359,33.0,30.0,0.47619047619047616,35.0,25.0,0.4166666666666667,0.0,0.0,0.0,0.0,0.0,0.0,25.0,25.0,0.5,0
96,2018-12-13,23.0,16.0,0.41025641025641024,25.0,14.0,0.358974358974359,33.0,30.0,0.47619047619047616,35.0,25.0,0.4166666666666667,0.0,0.0,0.0,0.0,0.0,0.0,25.0,25.0,0.5,50.0,38.0,0.4318181818181818,0
97,2018-12-12,25.0,14.0,0.358974358974359,33.0,30.0,0.47619047619047616,35.0,25.0,0.4166666666666667,0.0,0.0,0.0,0.0,0.0,0.0,25.0,25.0,0.5,50.0,38.0,0.4318181818181818,0.0,0.0,0.0,1
98,2018-12-11,33.0,30.0,0.47619047619047616,35.0,25.0,0.4166666666666667,0.0,0.0,0.0,0.0,0.0,0.0,25.0,25.0,0.5,50.0,38.0,0.4318181818181818,0.0,0.0,0.0,41.0,26.0,0.3880597014925373,1
99,2018-12-10,35.0,25.0,0.4166666666666667,0.0,0.0,0.0,0.0,0.0,0.0,25.0,25.0,0.5,50.0,38.0,0.4318181818181818,0.0,0.0,0.0,41.0,26.0,0.3880597014925373,16.0,15.0,0.4838709677419355,0
100,2018-12-07,25.0,25.0,0.5,50.0,38.0,0.4318181818181818,0.0,0.0,0.0,41.0,26.0,0.3880597014925373,16.0,15.0,0.4838709677419355,0.0,0.0,0.0,0.0,0.0,0.0,10.0,6.0,0.375,1
101,2018-12-06,50.0,38.0,0.4318181818181818,0.0,0.0,0.0,41.0,26.0,0.3880597014925373,16.0,15.0,0.4838709677419355,0.0,0.0,0.0,0.0,0.0,0.0,10.0,6.0,0.375,8.0,14.0,0.6363636363636364,0
102,2018-12-04,41.0,26.0,0.3880597014925373,16.0,15.0,0.4838709677419355,0.0,0.0,0.0,0.0,0.0,0.0,10.0,6.0,0.375,8.0,14.0,0.6363636363636364,23.0,19.0,0.4523809523809524,12.0,4.0,0.25,0
103,2018-12-03,16.0,15.0,0.4838709677419355,0.0,0.0,0.0,0.0,0.0,0.0,10.0,6.0,0.375,8.0,14.0,0.6363636363636364,23.0,19.0,0.4523809523809524,12.0,4.0,0.25,14.0,3.0,0.17647058823529413,0
104,2018-11-30,10.0,6.0,0.375,8.0,14.0,0.6363636363636364,23.0,19.0,0.4523809523809524,12.0,4.0,0.25,14.0,3.0,0.17647058823529413,0.0,0.0,0.0,0.0,0.0,0.0,11.0,7.0,0.3888888888888889,1
105,2018-11-29,8.0,14.0,0.6363636363636364,23.0,19.0,0.4523809523809524,12.0,4.0,0.25,14.0,3.0,0.17647058823529413,0.0,0.0,0.0,0.0,0.0,0.0,11.0,7.0,0.3888888888888889,0.0,0.0,0.0,1
106,2018-11-28,23.0,19.0,0.4523809523809524,12.0,4.0,0.25,14.0,3.0,0.17647058823529413,0.0,0.0,0.0,0.0,0.0,0.0,11.0,7.0,0.3888888888888889,0.0,0.0,0.0,21.0,11.0,0.34375,0
107,2018-11-27,12.0,4.0,0.25,14.0,3.0,0.17647058823529413,0.0,0.0,0.0,0.0,0.0,0.0,11.0,7.0,0.3888888888888889,0.0,0.0,0.0,21.0,11.0,0.34375,40.0,30.0,0.42857142857142855,1
108,2018-11-26,14.0,3.0,0.17647058823529413,0.0,0.0,0.0,0.0,0.0,0.0,11.0,7.0,0.3888888888888889,0.0,0.0,0.0,21.0,11.0,0.34375,40.0,30.0,0.42857142857142855,48.0,21.0,0.30434782608695654,1
109,2018-11-23,11.0,7.0,0.3888888888888889,0.0,0.0,0.0,21.0,11.0,0.34375,40.0,30.0,0.42857142857142855,48.0,21.0,0.30434782608695654,0.0,0.0,0.0,0.0,0.0,0.0,17.0,7.0,0.2916666666666667,1
110,2018-11-21,21.0,11.0,0.34375,40.0,30.0,0.42857142857142855,48.0,21.0,0.30434782608695654,0.0,0.0,0.0,0.0,0.0,0.0,17.0,7.0,0.2916666666666667,35.0,20.0,0.36363636363636365,61.0,38.0,0.3838383838383838,0
111,2018-11-20,40.0,30.0,0.42857142857142855,48.0,21.0,0.30434782608695654,0.0,0.0,0.0,0.0,0.0,0.0,17.0,7.0,0.2916666666666667,35.0,20.0,0.36363636363636365,61.0,38.0,0.3838383838383838,28.0,35.0,0.5555555555555556,0
112,2018-11-19,48.0,21.0,0.30434782608695654,0.0,0.0,0.0,0.0,0.0,0.0,17.0,7.0,0.2916666666666667,35.0,20.0,0.36363636363636365,61.0,38.0,0.3838383838383838,28.0,35.0,0.5555555555555556,15.0,7.0,0.3181818181818182,0
113,2018-11-16,17.0,7.0,0.2916666666666667,35.0,20.0,0.36363636363636365,61.0,38.0,0.3838383838383838,28.0,35.0,0.5555555555555556,15.0,7.0,0.3181818181818182,0.0,0.0,0.0,0.0,0.0,0.0,17.0,17.0,0.5,0
114,2018-11-15,35.0,20.0,0.36363636363636365,61.0,38.0,0.3838383838383838,28.0,35.0,0.5555555555555556,15.0,7.0,0.3181818181818182,0.0,0.0,0.0,0.0,0.0,0.0,17.0,17.0,0.5,6.0,5.0,0.45454545454545453,1
115,2018-11-14,61.0,38.0,0.3838383838383838,28.0,35.0,0.5555555555555556,15.0,7.0,0.3181818181818182,0.0,0.0,0.0,0.0,0.0,0.0,17.0,17.0,0.5,6.0,5.0,0.45454545454545453,8.0,9.0,0.5294117647058824,1
116,2018-11-13,28.0,35.0,0.5555555555555556,15.0,7.0,0.3181818181818182,0.0,0.0,0.0,0.0,0.0,0.0,17.0,17.0,0.5,6.0,5.0,0.45454545454545453,8.0,9.0,0.5294117647058824,10.0,9.0,0.47368421052631576,0
117,2018-11-12,15.0,7.0,0.3181818181818182,0.0,0.0,0.0,0.0,0.0,0.0,17.0,17.0,0.5,6.0,5.0,0.45454545454545453,8.0,9.0,0.5294117647058824,10.0,9.0,0.47368421052631576,12.0,13.0,0.52,0
118,2018-11-09,17.0,17.0,0.5,6.0,5.0,0.45454545454545453,8.0,9.0,0.5294117647058824,10.0,9.0,0.47368421052631576,12.0,13.0,0.52,0.0,0.0,0.0,0.0,0.0,0.0,30.0,25.0,0.45454545454545453,0
119,2018-11-08,6.0,5.0,0.45454545454545453,8.0,9.0,0.5294117647058824,10.0,9.0,0.47368421052631576,12.0,13.0,0.52,0.0,0.0,0.0,0.0,0.0,0.0,30.0,25.0,0.45454545454545453,14.0,11.0,0.44,0
120,2018-11-07,8.0,9.0,0.5294117647058824,10.0,9.0,0.47368421052631576,12.0,13.0,0.52,0.0,0.0,0.0,0.0,0.0,0.0,30.0,25.0,0.45454545454545453,14.0,11.0,0.44,15.0,15.0,0.5,1
121,2018-11-06,10.0,9.0,0.47368421052631576,12.0,13.0,0.52,0.0,0.0,0.0,0.0,0.0,0.0,30.0,25.0,0.45454545454545453,14.0,11.0,0.44,15.0,15.0,0.5,21.0,19.0,0.475,1
122,2018-11-05,12.0,13.0,0.52,0.0,0.0,0.0,0.0,0.0,0.0,30.0,25.0,0.45454545454545453,14.0,11.0,0.44,15.0,15.0,0.5,21.0,19.0,0.475,37.0,18.0,0.32727272727272727,1
123,2018-11-02,30.0,25.0,0.45454545454545453,14.0,11.0,0.44,15.0,15.0,0.5,21.0,19.0,0.475,37.0,18.0,0.32727272727272727,0.0,0.0,0.0,0.0,0.0,0.0,53.0,31.0,0.36904761904761907,1
124,2018-11-01,14.0,11.0,0.44,15.0,15.0,0.5,21.0,19.0,0.475,37.0,18.0,0.32727272727272727,0.0,0.0,0.0,0.0,0.0,0.0,53.0,31.0,0.36904761904761907,30.0,21.0,0.4117647058823529,0
125,2018-10-31,15.0,15.0,0.5,21.0,19.0,0.475,37.0,18.0,0.32727272727272727,0.0,0.0,0.0,0.0,0.0,0.0,53.0,31.0,0.36904761904761907,30.0,21.0,0.4117647058823529,47.0,35.0,0.4268292682926829,1
126,2018-10-30,21.0,19.0,0.475,37.0,18.0,0.32727272727272727,0.0,0.0,0.0,0.0,0.0,0.0,53.0,31.0,0.36904761904761907,30.0,21.0,0.4117647058823529,47.0,35.0,0.4268292682926829,30.0,20.0,0.4,1
127,2018-10-29,37.0,18.0,0.32727272727272727,0.0,0.0,0.0,0.0,0.0,0.0,53.0,31.0,0.36904761904761907,30.0,21.0,0.4117647058823529,47.0,35.0,0.4268292682926829,30.0,20.0,0.4,20.0,8.0,0.2857142857142857,1
128,2018-10-26,53.0,31.0,0.36904761904761907,30.0,21.0,0.4117647058823529,47.0,35.0,0.4268292682926829,30.0,20.0,0.4,20.0,8.0,0.2857142857142857,0.0,0.0,0.0,0.0,0.0,0.0,24.0,17.0,0.4146341463414634,0
129,2018-10-25,30.0,21.0,0.4117647058823529,47.0,35.0,0.4268292682926829,30.0,20.0,0.4,20.0,8.0,0.2857142857142857,0.0,0.0,0.0,0.0,0.0,0.0,24.0,17.0,0.4146341463414634,25.0,21.0,0.45652173913043476,0
130,2018-10-24,47.0,35.0,0.4268292682926829,30.0,20.0,0.4,20.0,8.0,0.2857142857142857,0.0,0.0,0.0,0.0,0.0,0.0,24.0,17.0,0.4146341463414634,25.0,21.0,0.45652173913043476,15.0,11.0,0.4230769230769231,1
131,2018-10-23,30.0,20.0,0.4,20.0,8.0,0.2857142857142857,0.0,0.0,0.0,0.0,0.0,0.0,24.0,17.0,0.4146341463414634,25.0,21.0,0.45652173913043476,15.0,11.0,0.4230769230769231,16.0,13.0,0.4482758620689655,0
132,2018-10-22,20.0,8.0,0.2857142857142857,0.0,0.0,0.0,0.0,0.0,0.0,24.0,17.0,0.4146341463414634,25.0,21.0,0.45652173913043476,15.0,11.0,0.4230769230769231,16.0,13.0,0.4482758620689655,39.0,34.0,0.4657534246575342,0
133,2018-10-19,24.0,17.0,0.4146341463414634,25.0,21.0,0.45652173913043476,15.0,11.0,0.4230769230769231,16.0,13.0,0.4482758620689655,39.0,34.0,0.4657534246575342,0.0,0.0,0.0,0.0,0.0,0.0,30.0,28.0,0.4827586206896552,0
134,2018-10-18,25.0,21.0,0.45652173913043476,15.0,11.0,0.4230769230769231,16.0,13.0,0.4482758620689655,39.0,34.0,0.4657534246575342,0.0,0.0,0.0,0.0,0.0,0.0,30.0,28.0,0.4827586206896552,50.0,45.0,0.47368421052631576,1
135,2018-10-17,15.0,11.0,0.4230769230769231,16.0,13.0,0.4482758620689655,39.0,34.0,0.4657534246575342,0.0,0.0,0.0,0.0,0.0,0.0,30.0,28.0,0.4827586206896552,50.0,45.0,0.47368421052631576,38.0,18.0,0.32142857142857145,0
136,2018-10-16,16.0,13.0,0.4482758620689655,39.0,34.0,0.4657534246575342,0.0,0.0,0.0,0.0,0.0,0.0,30.0,28.0,0.4827586206896552,50.0,45.0,0.47368421052631576,38.0,18.0,0.32142857142857145,9.0,10.0,0.5263157894736842,0
137,2018-10-15,39.0,34.0,0.4657534246575342,0.0,0.0,0.0,0.0,0.0,0.0,30.0,28.0,0.4827586206896552,50.0,45.0,0.47368421052631576,38.0,18.0,0.32142857142857145,9.0,10.0,0.5263157894736842,12.0,7.0,0.3684210526315789,1
138,2018-10-12,30.0,28.0,0.4827586206896552,50.0,45.0,0.47368421052631576,38.0,18.0,0.32142857142857145,9.0,10.0,0.5263157894736842,12.0,7.0,0.3684210526315789,0.0,0.0,0.0,0.0,0.0,0.0,9.0,5.0,0.35714285714285715,0
139,2018-10-11,50.0,45.0,0.47368421052631576,38.0,18.0,0.32142857142857145,9.0,10.0,0.5263157894736842,12.0,7.0,0.3684210526315789,0.0,0.0,0.0,0.0,0.0,0.0,9.0,5.0,0.35714285714285715,3.0,8.0,0.7272727272727273,1
140,2018-10-10,38.0,18.0,0.32142857142857145,9.0,10.0,0.5263157894736842,12.0,7.0,0.3684210526315789,0.0,0.0,0.0,0.0,0.0,0.0,9.0,5.0,0.35714285714285715,3.0,8.0,0.7272727272727273,6.0,6.0,0.5,0
141,2018-10-09,9.0,10.0,0.5263157894736842,12.0,7.0,0.3684210526315789,0.0,0.0,0.0,0.0,0.0,0.0,9.0,5.0,0.35714285714285715,3.0,8.0,0.7272727272727273,6.0,6.0,0.5,13.0,8.0,0.38095238095238093,0
142,2018-10-08,12.0,7.0,0.3684210526315789,0.0,0.0,0.0,0.0,0.0,0.0,9.0,5.0,0.35714285714285715,3.0,8.0,0.7272727272727273,6.0,6.0,0.5,13.0,8.0,0.38095238095238093,2.0,4.0,0.6666666666666666,0
143,2018-10-05,9.0,5.0,0.35714285714285715,3.0,8.0,0.7272727272727273,6.0,6.0,0.5,13.0,8.0,0.38095238095238093,2.0,4.0,0.6666666666666666,0.0,0.0,0.0,0.0,0.0,0.0,7.0,3.0,0.3,1
144,2018-10-04,3.0,8.0,0.7272727272727273,6.0,6.0,0.5,13.0,8.0,0.38095238095238093,2.0,4.0,0.6666666666666666,0.0,0.0,0.0,0.0,0.0,0.0,7.0,3.0,0.3,0.0,2.0,1.0,0
145,2018-10-03,6.0,6.0,0.5,13.0,8.0,0.38095238095238093,2.0,4.0,0.6666666666666666,0.0,0.0,0.0,0.0,0.0,0.0,7.0,3.0,0.3,0.0,2.0,1.0,7.0,3.0,0.3,0
146,2018-10-02,13.0,8.0,0.38095238095238093,2.0,4.0,0.6666666666666666,0.0,0.0,0.0,0.0,0.0,0.0,7.0,3.0,0.3,0.0,2.0,1.0,7.0,3.0,0.3,6.0,4.0,0.4,1
147,2018-10-01,2.0,4.0,0.6666666666666666,0.0,0.0,0.0,0.0,0.0,0.0,7.0,3.0,0.3,0.0,2.0,1.0,7.0,3.0,0.3,6.0,4.0,0.4,7.0,9.0,0.5625,1
148,2018-09-28,7.0,3.0,0.3,0.0,2.0,1.0,7.0,3.0,0.3,6.0,4.0,0.4,7.0,9.0,0.5625,0.0,0.0,0.0,0.0,0.0,0.0,7.0,8.0,0.5333333333333333,1
149,2018-09-27,0.0,2.0,1.0,7.0,3.0,0.3,6.0,4.0,0.4,7.0,9.0,0.5625,0.0,0.0,0.0,0.0,0.0,0.0,7.0,8.0,0.5333333333333333,11.0,13.0,0.5416666666666666,1
150,2018-09-26,7.0,3.0,0.3,6.0,4.0,0.4,7.0,9.0,0.5625,0.0,0.0,0.0,0.0,0.0,0.0,7.0,8.0,0.5333333333333333,11.0,13.0,0.5416666666666666,7.0,6.0,0.46153846153846156,1
151,2018-09-25,6.0,4.0,0.4,7.0,9.0,0.5625,0.0,0.0,0.0,0.0,0.0,0.0,7.0,8.0,0.5333333333333333,11.0,13.0,0.5416666666666666,7.0,6.0,0.46153846153846156,14.0,4.0,0.2222222222222222,0
152,2018-09-24,7.0,9.0,0.5625,0.0,0.0,0.0,0.0,0.0,0.0,7.0,8.0,0.5333333333333333,11.0,13.0,0.5416666666666666,7.0,6.0,0.46153846153846156,14.0,4.0,0.2222222222222222,5.0,6.0,0.5454545454545454,0
153,2018-09-21,7.0,8.0,0.5333333333333333,11.0,13.0,0.5416666666666666,7.0,6.0,0.46153846153846156,14.0,4.0,0.2222222222222222,5.0,6.0,0.5454545454545454,0.0,0.0,0.0,0.0,0.0,0.0,4.0,2.0,0.3333333333333333,0
154,2018-09-20,11.0,13.0,0.5416666666666666,7.0,6.0,0.46153846153846156,14.0,4.0,0.2222222222222222,5.0,6.0,0.5454545454545454,0.0,0.0,0.0,0.0,0.0,0.0,4.0,2.0,0.3333333333333333,4.0,7.0,0.6363636363636364,1
155,2018-09-19,7.0,6.0,0.46153846153846156,14.0,4.0,0.2222222222222222,5.0,6.0,0.5454545454545454,0.0,0.0,0.0,0.0,0.0,0.0,4.0,2.0,0.3333333333333333,4.0,7.0,0.6363636363636364,3.0,2.0,0.4,1
156,2018-09-18,14.0,4.0,0.2222222222222222,5.0,6.0,0.5454545454545454,0.0,0.0,0.0,0.0,0.0,0.0,4.0,2.0,0.3333333333333333,4.0,7.0,0.6363636363636364,3.0,2.0,0.4,8.0,5.0,0.38461538461538464,1
157,2018-09-17,5.0,6.0,0.5454545454545454,0.0,0.0,0.0,0.0,0.0,0.0,4.0,2.0,0.3333333333333333,4.0,7.0,0.6363636363636364,3.0,2.0,0.4,8.0,5.0,0.38461538461538464,6.0,7.0,0.5384615384615384,1
158,2018-09-14,4.0,2.0,0.3333333333333333,4.0,7.0,0.6363636363636364,3.0,2.0,0.4,8.0,5.0,0.38461538461538464,6.0,7.0,0.5384615384615384,0.0,0.0,0.0,0.0,0.0,0.0,2.0,1.0,0.3333333333333333,0
159,2018-09-13,4.0,7.0,0.6363636363636364,3.0,2.0,0.4,8.0,5.0,0.38461538461538464,6.0,7.0,0.5384615384615384,0.0,0.0,0.0,0.0,0.0,0.0,2.0,1.0,0.3333333333333333,8.0,3.0,0.2727272727272727,1
160,2018-09-12,3.0,2.0,0.4,8.0,5.0,0.38461538461538464,6.0,7.0,0.5384615384615384,0.0,0.0,0.0,0.0,0.0,0.0,2.0,1.0,0.3333333333333333,8.0,3.0,0.2727272727272727,5.0,1.0,0.16666666666666666,1
161,2018-09-11,8.0,5.0,0.38461538461538464,6.0,7.0,0.5384615384615384,0.0,0.0,0.0,0.0,0.0,0.0,2.0,1.0,0.3333333333333333,8.0,3.0,0.2727272727272727,5.0,1.0,0.16666666666666666,2.0,9.0,0.8181818181818182,1
162,2018-09-10,6.0,7.0,0.5384615384615384,0.0,0.0,0.0,0.0,0.0,0.0,2.0,1.0,0.3333333333333333,8.0,3.0,0.2727272727272727,5.0,1.0,0.16666666666666666,2.0,9.0,0.8181818181818182,0.0,0.0,0.0,1
163,2018-09-07,2.0,1.0,0.3333333333333333,8.0,3.0,0.2727272727272727,5.0,1.0,0.16666666666666666,2.0,9.0,0.8181818181818182,0.0,0.0,0.0,0.0,0.0,0.0,0.0,0.0,0.0,5.0,4.0,0.4444444444444444,0
164,2018-09-06,8.0,3.0,0.2727272727272727,5.0,1.0,0.16666666666666666,2.0,9.0,0.8181818181818182,0.0,0.0,0.0,0.0,0.0,0.0,0.0,0.0,0.0,5.0,4.0,0.4444444444444444,6.0,3.0,0.3333333333333333,0
165,2018-09-05,5.0,1.0,0.16666666666666666,2.0,9.0,0.8181818181818182,0.0,0.0,0.0,0.0,0.0,0.0,0.0,0.0,0.0,5.0,4.0,0.4444444444444444,6.0,3.0,0.3333333333333333,4.0,2.0,0.3333333333333333,1
166,2018-09-04,2.0,9.0,0.8181818181818182,0.0,0.0,0.0,0.0,0.0,0.0,0.0,0.0,0.0,5.0,4.0,0.4444444444444444,6.0,3.0,0.3333333333333333,4.0,2.0,0.3333333333333333,2.0,5.0,0.7142857142857143,1
167,2018-08-31,5.0,4.0,0.4444444444444444,6.0,3.0,0.3333333333333333,4.0,2.0,0.3333333333333333,2.0,5.0,0.7142857142857143,2.0,0.0,0.0,0.0,0.0,0.0,0.0,0.0,0.0,7.0,5.0,0.4166666666666667,0
168,2018-08-30,6.0,3.0,0.3333333333333333,4.0,2.0,0.3333333333333333,2.0,5.0,0.7142857142857143,2.0,0.0,0.0,0.0,0.0,0.0,0.0,0.0,0.0,7.0,5.0,0.4166666666666667,4.0,3.0,0.42857142857142855,0
169,2018-08-29,4.0,2.0,0.3333333333333333,2.0,5.0,0.7142857142857143,2.0,0.0,0.0,0.0,0.0,0.0,0.0,0.0,0.0,7.0,5.0,0.4166666666666667,4.0,3.0,0.42857142857142855,5.0,2.0,0.2857142857142857,0
170,2018-08-28,2.0,5.0,0.7142857142857143,2.0,0.0,0.0,0.0,0.0,0.0,0.0,0.0,0.0,7.0,5.0,0.4166666666666667,4.0,3.0,0.42857142857142855,5.0,2.0,0.2857142857142857,4.0,5.0,0.5555555555555556,1
171,2018-08-27,2.0,0.0,0.0,0.0,0.0,0.0,0.0,0.0,0.0,7.0,5.0,0.4166666666666667,4.0,3.0,0.42857142857142855,5.0,2.0,0.2857142857142857,4.0,5.0,0.5555555555555556,4.0,8.0,0.6666666666666666,1
172,2018-08-24,7.0,5.0,0.4166666666666667,4.0,3.0,0.42857142857142855,5.0,2.0,0.2857142857142857,4.0,5.0,0.5555555555555556,4.0,8.0,0.6666666666666666,0.0,0.0,0.0,0.0,0.0,0.0,9.0,10.0,0.5263157894736842,1
173,2018-08-23,4.0,3.0,0.42857142857142855,5.0,2.0,0.2857142857142857,4.0,5.0,0.5555555555555556,4.0,8.0,0.6666666666666666,0.0,0.0,0.0,0.0,0.0,0.0,9.0,10.0,0.5263157894736842,16.0,11.0,0.4074074074074074,1
174,2018-08-22,5.0,2.0,0.2857142857142857,4.0,5.0,0.5555555555555556,4.0,8.0,0.6666666666666666,0.0,0.0,0.0,0.0,0.0,0.0,9.0,10.0,0.5263157894736842,16.0,11.0,0.4074074074074074,9.0,4.0,0.3076923076923077,0
175,2018-08-21,4.0,5.0,0.5555555555555556,4.0,8.0,0.6666666666666666,0.0,0.0,0.0,0.0,0.0,0.0,9.0,10.0,0.5263157894736842,16.0,11.0,0.4074074074074074,9.0,4.0,0.3076923076923077,2.0,2.0,0.5,0
176,2018-08-20,4.0,8.0,0.6666666666666666,0.0,0.0,0.0,0.0,0.0,0.0,9.0,10.0,0.5263157894736842,16.0,11.0,0.4074074074074074,9.0,4.0,0.3076923076923077,2.0,2.0,0.5,4.0,2.0,0.3333333333333333,1
177,2018-08-17,9.0,10.0,0.5263157894736842,16.0,11.0,0.4074074074074074,9.0,4.0,0.3076923076923077,2.0,2.0,0.5,4.0,2.0,0.3333333333333333,0.0,0.0,0.0,0.0,0.0,0.0,8.0,4.0,0.3333333333333333,1
178,2018-08-16,16.0,11.0,0.4074074074074074,9.0,4.0,0.3076923076923077,2.0,2.0,0.5,4.0,2.0,0.3333333333333333,0.0,0.0,0.0,0.0,0.0,0.0,8.0,4.0,0.3333333333333333,5.0,3.0,0.375,1
179,2018-08-15,9.0,4.0,0.3076923076923077,2.0,2.0,0.5,4.0,2.0,0.3333333333333333,0.0,0.0,0.0,0.0,0.0,0.0,8.0,4.0,0.3333333333333333,5.0,3.0,0.375,7.0,10.0,0.5882352941176471,1
180,2018-08-14,2.0,2.0,0.5,4.0,2.0,0.3333333333333333,0.0,0.0,0.0,0.0,0.0,0.0,8.0,4.0,0.3333333333333333,5.0,3.0,0.375,7.0,10.0,0.5882352941176471,3.0,6.0,0.6666666666666666,0
181,2018-08-13,4.0,2.0,0.3333333333333333,0.0,0.0,0.0,0.0,0.0,0.0,8.0,4.0,0.3333333333333333,5.0,3.0,0.375,7.0,10.0,0.5882352941176471,3.0,6.0,0.6666666666666666,4.0,3.0,0.42857142857142855,1
182,2018-08-10,8.0,4.0,0.3333333333333333,5.0,3.0,0.375,7.0,10.0,0.5882352941176471,3.0,6.0,0.6666666666666666,4.0,3.0,0.42857142857142855,0.0,0.0,0.0,0.0,0.0,0.0,4.0,2.0,0.3333333333333333,0
183,2018-08-09,5.0,3.0,0.375,7.0,10.0,0.5882352941176471,3.0,6.0,0.6666666666666666,4.0,3.0,0.42857142857142855,0.0,0.0,0.0,0.0,0.0,0.0,4.0,2.0,0.3333333333333333,4.0,3.0,0.42857142857142855,0
184,2018-08-08,7.0,10.0,0.5882352941176471,3.0,6.0,0.6666666666666666,4.0,3.0,0.42857142857142855,0.0,0.0,0.0,0.0,0.0,0.0,4.0,2.0,0.3333333333333333,4.0,3.0,0.42857142857142855,7.0,3.0,0.3,0
185,2018-08-07,3.0,6.0,0.6666666666666666,4.0,3.0,0.42857142857142855,0.0,0.0,0.0,0.0,0.0,0.0,4.0,2.0,0.3333333333333333,4.0,3.0,0.42857142857142855,7.0,3.0,0.3,4.0,5.0,0.5555555555555556,0
186,2018-08-06,4.0,3.0,0.42857142857142855,0.0,0.0,0.0,0.0,0.0,0.0,4.0,2.0,0.3333333333333333,4.0,3.0,0.42857142857142855,7.0,3.0,0.3,4.0,5.0,0.5555555555555556,2.0,1.0,0.3333333333333333,1
187,2018-08-03,4.0,2.0,0.3333333333333333,4.0,3.0,0.42857142857142855,7.0,3.0,0.3,4.0,5.0,0.5555555555555556,2.0,1.0,0.3333333333333333,0.0,0.0,0.0,0.0,0.0,0.0,6.0,1.0,0.14285714285714285,1
188,2018-08-02,4.0,3.0,0.42857142857142855,7.0,3.0,0.3,4.0,5.0,0.5555555555555556,2.0,1.0,0.3333333333333333,0.0,0.0,0.0,0.0,0.0,0.0,6.0,1.0,0.14285714285714285,8.0,2.0,0.2,1
189,2018-08-01,7.0,3.0,0.3,4.0,5.0,0.5555555555555556,2.0,1.0,0.3333333333333333,0.0,0.0,0.0,0.0,0.0,0.0,6.0,1.0,0.14285714285714285,8.0,2.0,0.2,5.0,3.0,0.375,0
190,2018-07-31,4.0,5.0,0.5555555555555556,2.0,1.0,0.3333333333333333,0.0,0.0,0.0,0.0,0.0,0.0,6.0,1.0,0.14285714285714285,8.0,2.0,0.2,5.0,3.0,0.375,7.0,11.0,0.6111111111111112,0
191,2018-07-30,2.0,1.0,0.3333333333333333,0.0,0.0,0.0,0.0,0.0,0.0,6.0,1.0,0.14285714285714285,8.0,2.0,0.2,5.0,3.0,0.375,7.0,11.0,0.6111111111111112,1.0,3.0,0.75,1
192,2018-07-27,6.0,1.0,0.14285714285714285,8.0,2.0,0.2,5.0,3.0,0.375,7.0,11.0,0.6111111111111112,1.0,3.0,0.75,0.0,0.0,0.0,0.0,0.0,0.0,7.0,10.0,0.5882352941176471,0
193,2018-07-26,8.0,2.0,0.2,5.0,3.0,0.375,7.0,11.0,0.6111111111111112,1.0,3.0,0.75,0.0,0.0,0.0,0.0,0.0,0.0,7.0,10.0,0.5882352941176471,5.0,5.0,0.5,0
194,2018-07-25,5.0,3.0,0.375,7.0,11.0,0.6111111111111112,1.0,3.0,0.75,0.0,0.0,0.0,0.0,0.0,0.0,7.0,10.0,0.5882352941176471,5.0,5.0,0.5,6.0,9.0,0.6,1
195,2018-07-24,7.0,11.0,0.6111111111111112,1.0,3.0,0.75,0.0,0.0,0.0,0.0,0.0,0.0,7.0,10.0,0.5882352941176471,5.0,5.0,0.5,6.0,9.0,0.6,3.0,1.0,0.25,1
196,2018-07-23,1.0,3.0,0.75,0.0,0.0,0.0,0.0,0.0,0.0,7.0,10.0,0.5882352941176471,5.0,5.0,0.5,6.0,9.0,0.6,3.0,1.0,0.25,2.0,6.0,0.75,1
197,2018-07-20,7.0,10.0,0.5882352941176471,5.0,5.0,0.5,6.0,9.0,0.6,3.0,1.0,0.25,2.0,6.0,0.75,0.0,0.0,0.0,0.0,0.0,0.0,5.0,6.0,0.5454545454545454,0
198,2018-07-19,5.0,5.0,0.5,6.0,9.0,0.6,3.0,1.0,0.25,2.0,6.0,0.75,0.0,0.0,0.0,0.0,0.0,0.0,5.0,6.0,0.5454545454545454,10.0,9.0,0.47368421052631576,0
199,2018-07-18,6.0,9.0,0.6,3.0,1.0,0.25,2.0,6.0,0.75,0.0,0.0,0.0,0.0,0.0,0.0,5.0,6.0,0.5454545454545454,10.0,9.0,0.47368421052631576,22.0,10.0,0.3125,0
200,2018-07-17,3.0,1.0,0.25,2.0,6.0,0.75,0.0,0.0,0.0,0.0,0.0,0.0,5.0,6.0,0.5454545454545454,10.0,9.0,0.47368421052631576,22.0,10.0,0.3125,9.0,12.0,0.5714285714285714,1
201,2018-07-16,2.0,6.0,0.75,0.0,0.0,0.0,0.0,0.0,0.0,5.0,6.0,0.5454545454545454,10.0,9.0,0.47368421052631576,22.0,10.0,0.3125,9.0,12.0,0.5714285714285714,9.0,17.0,0.6538461538461539,1
202,2018-07-13,5.0,6.0,0.5454545454545454,10.0,9.0,0.47368421052631576,22.0,10.0,0.3125,9.0,12.0,0.5714285714285714,9.0,17.0,0.6538461538461539,0.0,0.0,0.0,0.0,0.0,0.0,13.0,5.0,0.2777777777777778,1
203,2018-07-12,10.0,9.0,0.47368421052631576,22.0,10.0,0.3125,9.0,12.0,0.5714285714285714,9.0,17.0,0.6538461538461539,0.0,0.0,0.0,0.0,0.0,0.0,13.0,5.0,0.2777777777777778,18.0,13.0,0.41935483870967744,1
204,2018-07-11,22.0,10.0,0.3125,9.0,12.0,0.5714285714285714,9.0,17.0,0.6538461538461539,0.0,0.0,0.0,0.0,0.0,0.0,13.0,5.0,0.2777777777777778,18.0,13.0,0.41935483870967744,0.0,0.0,0.0,1
205,2018-07-10,9.0,12.0,0.5714285714285714,9.0,17.0,0.6538461538461539,0.0,0.0,0.0,0.0,0.0,0.0,13.0,5.0,0.2777777777777778,18.0,13.0,0.41935483870967744,0.0,0.0,0.0,22.0,20.0,0.47619047619047616,0
206,2018-07-09,9.0,17.0,0.6538461538461539,0.0,0.0,0.0,0.0,0.0,0.0,13.0,5.0,0.2777777777777778,18.0,13.0,0.41935483870967744,0.0,0.0,0.0,22.0,20.0,0.47619047619047616,18.0,10.0,0.35714285714285715,1
207,2018-07-06,13.0,5.0,0.2777777777777778,18.0,13.0,0.41935483870967744,0.0,0.0,0.0,22.0,20.0,0.47619047619047616,18.0,10.0,0.35714285714285715,0.0,0.0,0.0,0.0,0.0,0.0,35.0,29.0,0.453125,1
208,2018-07-05,18.0,13.0,0.41935483870967744,0.0,0.0,0.0,22.0,20.0,0.47619047619047616,18.0,10.0,0.35714285714285715,0.0,0.0,0.0,0.0,0.0,0.0,35.0,29.0,0.453125,30.0,25.0,0.45454545454545453,1
209,2018-07-03,22.0,20.0,0.47619047619047616,18.0,10.0,0.35714285714285715,0.0,0.0,0.0,0.0,0.0,0.0,35.0,29.0,0.453125,30.0,25.0,0.45454545454545453,21.0,21.0,0.5,11.0,10.0,0.47619047619047616,1
210,2018-07-02,18.0,10.0,0.35714285714285715,0.0,0.0,0.0,0.0,0.0,0.0,35.0,29.0,0.453125,30.0,25.0,0.45454545454545453,21.0,21.0,0.5,11.0,10.0,0.47619047619047616,21.0,20.0,0.4878048780487805,0
211,2018-06-29,35.0,29.0,0.453125,30.0,25.0,0.45454545454545453,21.0,21.0,0.5,11.0,10.0,0.47619047619047616,21.0,20.0,0.4878048780487805,0.0,0.0,0.0,0.0,0.0,0.0,9.0,4.0,0.3076923076923077,1
212,2018-06-28,30.0,25.0,0.45454545454545453,21.0,21.0,0.5,11.0,10.0,0.47619047619047616,21.0,20.0,0.4878048780487805,0.0,0.0,0.0,0.0,0.0,0.0,9.0,4.0,0.3076923076923077,19.0,14.0,0.42424242424242425,1
213,2018-06-27,21.0,21.0,0.5,11.0,10.0,0.47619047619047616,21.0,20.0,0.4878048780487805,0.0,0.0,0.0,0.0,0.0,0.0,9.0,4.0,0.3076923076923077,19.0,14.0,0.42424242424242425,8.0,2.0,0.2,1
214,2018-06-26,11.0,10.0,0.47619047619047616,21.0,20.0,0.4878048780487805,0.0,0.0,0.0,0.0,0.0,0.0,9.0,4.0,0.3076923076923077,19.0,14.0,0.42424242424242425,8.0,2.0,0.2,9.0,4.0,0.3076923076923077,0
215,2018-06-25,21.0,20.0,0.4878048780487805,0.0,0.0,0.0,0.0,0.0,0.0,9.0,4.0,0.3076923076923077,19.0,14.0,0.42424242424242425,8.0,2.0,0.2,9.0,4.0,0.3076923076923077,3.0,7.0,0.7,1
216,2018-06-22,9.0,4.0,0.3076923076923077,19.0,14.0,0.42424242424242425,8.0,2.0,0.2,9.0,4.0,0.3076923076923077,3.0,7.0,0.7,0.0,0.0,0.0,0.0,0.0,0.0,12.0,13.0,0.52,0
217,2018-06-21,19.0,14.0,0.42424242424242425,8.0,2.0,0.2,9.0,4.0,0.3076923076923077,3.0,7.0,0.7,0.0,0.0,0.0,0.0,0.0,0.0,12.0,13.0,0.52,6.0,2.0,0.25,1
218,2018-06-20,8.0,2.0,0.2,9.0,4.0,0.3076923076923077,3.0,7.0,0.7,0.0,0.0,0.0,0.0,0.0,0.0,12.0,13.0,0.52,6.0,2.0,0.25,19.0,14.0,0.42424242424242425,0
219,2018-06-19,9.0,4.0,0.3076923076923077,3.0,7.0,0.7,0.0,0.0,0.0,0.0,0.0,0.0,12.0,13.0,0.52,6.0,2.0,0.25,19.0,14.0,0.42424242424242425,27.0,27.0,0.5,0
220,2018-06-18,3.0,7.0,0.7,0.0,0.0,0.0,0.0,0.0,0.0,12.0,13.0,0.52,6.0,2.0,0.25,19.0,14.0,0.42424242424242425,27.0,27.0,0.5,23.0,13.0,0.3611111111111111,0
221,2018-06-15,12.0,13.0,0.52,6.0,2.0,0.25,19.0,14.0,0.42424242424242425,27.0,27.0,0.5,23.0,13.0,0.3611111111111111,0.0,0.0,0.0,0.0,0.0,0.0,19.0,14.0,0.42424242424242425,0
222,2018-06-14,6.0,2.0,0.25,19.0,14.0,0.42424242424242425,27.0,27.0,0.5,23.0,13.0,0.3611111111111111,0.0,0.0,0.0,0.0,0.0,0.0,19.0,14.0,0.42424242424242425,8.0,10.0,0.5555555555555556,0
223,2018-06-13,19.0,14.0,0.42424242424242425,27.0,27.0,0.5,23.0,13.0,0.3611111111111111,0.0,0.0,0.0,0.0,0.0,0.0,19.0,14.0,0.42424242424242425,8.0,10.0,0.5555555555555556,8.0,7.0,0.4666666666666667,0
224,2018-06-12,27.0,27.0,0.5,23.0,13.0,0.3611111111111111,0.0,0.0,0.0,0.0,0.0,0.0,19.0,14.0,0.42424242424242425,8.0,10.0,0.5555555555555556,8.0,7.0,0.4666666666666667,7.0,8.0,0.5333333333333333,0
225,2018-06-11,23.0,13.0,0.3611111111111111,0.0,0.0,0.0,0.0,0.0,0.0,19.0,14.0,0.42424242424242425,8.0,10.0,0.5555555555555556,8.0,7.0,0.4666666666666667,7.0,8.0,0.5333333333333333,5.0,6.0,0.5454545454545454,0
226,2018-06-08,19.0,14.0,0.42424242424242425,8.0,10.0,0.5555555555555556,8.0,7.0,0.4666666666666667,7.0,8.0,0.5333333333333333,5.0,6.0,0.5454545454545454,0.0,0.0,0.0,0.0,0.0,0.0,12.0,5.0,0.29411764705882354,1
227,2018-06-07,8.0,10.0,0.5555555555555556,8.0,7.0,0.4666666666666667,7.0,8.0,0.5333333333333333,5.0,6.0,0.5454545454545454,0.0,0.0,0.0,0.0,0.0,0.0,12.0,5.0,0.29411764705882354,10.0,8.0,0.4444444444444444,1
228,2018-06-06,8.0,7.0,0.4666666666666667,7.0,8.0,0.5333333333333333,5.0,6.0,0.5454545454545454,0.0,0.0,0.0,0.0,0.0,0.0,12.0,5.0,0.29411764705882354,10.0,8.0,0.4444444444444444,10.0,7.0,0.4117647058823529,1
229,2018-06-05,7.0,8.0,0.5333333333333333,5.0,6.0,0.5454545454545454,0.0,0.0,0.0,0.0,0.0,0.0,12.0,5.0,0.29411764705882354,10.0,8.0,0.4444444444444444,10.0,7.0,0.4117647058823529,26.0,12.0,0.3157894736842105,1
230,2018-06-04,5.0,6.0,0.5454545454545454,0.0,0.0,0.0,0.0,0.0,0.0,12.0,5.0,0.29411764705882354,10.0,8.0,0.4444444444444444,10.0,7.0,0.4117647058823529,26.0,12.0,0.3157894736842105,0.0,0.0,0.0,0
231,2018-06-01,12.0,5.0,0.29411764705882354,10.0,8.0,0.4444444444444444,10.0,7.0,0.4117647058823529,26.0,12.0,0.3157894736842105,0.0,0.0,0.0,0.0,0.0,0.0,0.0,0.0,0.0,10.0,11.0,0.5238095238095238,1
232,2018-05-31,10.0,8.0,0.4444444444444444,10.0,7.0,0.4117647058823529,26.0,12.0,0.3157894736842105,0.0,0.0,0.0,0.0,0.0,0.0,0.0,0.0,0.0,10.0,11.0,0.5238095238095238,16.0,7.0,0.30434782608695654,1
233,2018-05-30,10.0,7.0,0.4117647058823529,26.0,12.0,0.3157894736842105,0.0,0.0,0.0,0.0,0.0,0.0,0.0,0.0,0.0,10.0,11.0,0.5238095238095238,16.0,7.0,0.30434782608695654,18.0,4.0,0.18181818181818182,0
234,2018-05-29,26.0,12.0,0.3157894736842105,0.0,0.0,0.0,0.0,0.0,0.0,0.0,0.0,0.0,10.0,11.0,0.5238095238095238,16.0,7.0,0.30434782608695654,18.0,4.0,0.18181818181818182,15.0,9.0,0.375,1
235,2018-05-25,10.0,11.0,0.5238095238095238,16.0,7.0,0.30434782608695654,18.0,4.0,0.18181818181818182,15.0,9.0,0.375,11.0,15.0,0.5769230769230769,0.0,0.0,0.0,0.0,0.0,0.0,6.0,1.0,0.14285714285714285,0
236,2018-05-24,16.0,7.0,0.30434782608695654,18.0,4.0,0.18181818181818182,15.0,9.0,0.375,11.0,15.0,0.5769230769230769,0.0,0.0,0.0,0.0,0.0,0.0,6.0,1.0,0.14285714285714285,10.0,4.0,0.2857142857142857,0
237,2018-05-23,18.0,4.0,0.18181818181818182,15.0,9.0,0.375,11.0,15.0,0.5769230769230769,0.0,0.0,0.0,0.0,0.0,0.0,6.0,1.0,0.14285714285714285,10.0,4.0,0.2857142857142857,10.0,5.0,0.3333333333333333,0
238,2018-05-22,15.0,9.0,0.375,11.0,15.0,0.5769230769230769,0.0,0.0,0.0,0.0,0.0,0.0,6.0,1.0,0.14285714285714285,10.0,4.0,0.2857142857142857,10.0,5.0,0.3333333333333333,0.0,0.0,0.0,1
239,2018-05-21,11.0,15.0,0.5769230769230769,0.0,0.0,0.0,0.0,0.0,0.0,6.0,1.0,0.14285714285714285,10.0,4.0,0.2857142857142857,10.0,5.0,0.3333333333333333,0.0,0.0,0.0,4.0,6.0,0.6,0
240,2018-05-18,6.0,1.0,0.14285714285714285,10.0,4.0,0.2857142857142857,10.0,5.0,0.3333333333333333,0.0,0.0,0.0,4.0,6.0,0.6,0.0,0.0,0.0,0.0,0.0,0.0,10.0,4.0,0.2857142857142857,1
241,2018-05-17,10.0,4.0,0.2857142857142857,10.0,5.0,0.3333333333333333,0.0,0.0,0.0,4.0,6.0,0.6,0.0,0.0,0.0,0.0,0.0,0.0,10.0,4.0,0.2857142857142857,21.0,11.0,0.34375,1
242,2018-05-16,10.0,5.0,0.3333333333333333,0.0,0.0,0.0,4.0,6.0,0.6,0.0,0.0,0.0,0.0,0.0,0.0,10.0,4.0,0.2857142857142857,21.0,11.0,0.34375,19.0,8.0,0.2962962962962963,0
243,2018-05-15,0.0,0.0,0.0,4.0,6.0,0.6,0.0,0.0,0.0,0.0,0.0,0.0,10.0,4.0,0.2857142857142857,21.0,11.0,0.34375,19.0,8.0,0.2962962962962963,18.0,18.0,0.5,1
244,2018-05-14,4.0,6.0,0.6,0.0,0.0,0.0,0.0,0.0,0.0,10.0,4.0,0.2857142857142857,21.0,11.0,0.34375,19.0,8.0,0.2962962962962963,18.0,18.0,0.5,8.0,11.0,0.5789473684210527,0
245,2018-05-11,10.0,4.0,0.2857142857142857,21.0,11.0,0.34375,19.0,8.0,0.2962962962962963,18.0,18.0,0.5,8.0,11.0,0.5789473684210527,0.0,0.0,0.0,0.0,0.0,0.0,10.0,3.0,0.23076923076923078,1
246,2018-05-10,21.0,11.0,0.34375,19.0,8.0,0.2962962962962963,18.0,18.0,0.5,8.0,11.0,0.5789473684210527,0.0,0.0,0.0,0.0,0.0,0.0,10.0,3.0,0.23076923076923078,39.0,30.0,0.43478260869565216,1
247,2018-05-09,19.0,8.0,0.2962962962962963,18.0,18.0,0.5,8.0,11.0,0.5789473684210527,0.0,0.0,0.0,0.0,0.0,0.0,10.0,3.0,0.23076923076923078,39.0,30.0,0.43478260869565216,17.0,10.0,0.37037037037037035,1
248,2018-05-08,18.0,18.0,0.5,8.0,11.0,0.5789473684210527,0.0,0.0,0.0,0.0,0.0,0.0,10.0,3.0,0.23076923076923078,39.0,30.0,0.43478260869565216,17.0,10.0,0.37037037037037035,23.0,11.0,0.3235294117647059,1
249,2018-05-07,8.0,11.0,0.5789473684210527,0.0,0.0,0.0,0.0,0.0,0.0,10.0,3.0,0.23076923076923078,39.0,30.0,0.43478260869565216,17.0,10.0,0.37037037037037035,23.0,11.0,0.3235294117647059,14.0,7.0,0.3333333333333333,1
250,2018-05-04,10.0,3.0,0.23076923076923078,39.0,30.0,0.43478260869565216,17.0,10.0,0.37037037037037035,23.0,11.0,0.3235294117647059,14.0,7.0,0.3333333333333333,0.0,0.0,0.0,0.0,0.0,0.0,9.0,9.0,0.5,1
251,2018-05-03,39.0,30.0,0.43478260869565216,17.0,10.0,0.37037037037037035,23.0,11.0,0.3235294117647059,14.0,7.0,0.3333333333333333,0.0,0.0,0.0,0.0,0.0,0.0,9.0,9.0,0.5,16.0,11.0,0.4074074074074074,1
252,2018-05-02,17.0,10.0,0.37037037037037035,23.0,11.0,0.3235294117647059,14.0,7.0,0.3333333333333333,0.0,0.0,0.0,0.0,0.0,0.0,9.0,9.0,0.5,16.0,11.0,0.4074074074074074,14.0,27.0,0.6585365853658537,1
253,2018-05-01,23.0,11.0,0.3235294117647059,14.0,7.0,0.3333333333333333,0.0,0.0,0.0,0.0,0.0,0.0,9.0,9.0,0.5,16.0,11.0,0.4074074074074074,14.0,27.0,0.6585365853658537,36.0,34.0,0.4857142857142857,0
254,2018-04-30,14.0,7.0,0.3333333333333333,0.0,0.0,0.0,0.0,0.0,0.0,9.0,9.0,0.5,16.0,11.0,0.4074074074074074,14.0,27.0,0.6585365853658537,36.0,34.0,0.4857142857142857,11.0,6.0,0.35294117647058826,0
255,2018-04-27,9.0,9.0,0.5,16.0,11.0,0.4074074074074074,14.0,27.0,0.6585365853658537,36.0,34.0,0.4857142857142857,11.0,6.0,0.35294117647058826,0.0,0.0,0.0,0.0,0.0,0.0,19.0,14.0,0.42424242424242425,0
256,2018-04-26,16.0,11.0,0.4074074074074074,14.0,27.0,0.6585365853658537,36.0,34.0,0.4857142857142857,11.0,6.0,0.35294117647058826,0.0,0.0,0.0,0.0,0.0,0.0,19.0,14.0,0.42424242424242425,23.0,16.0,0.41025641025641024,0
257,2018-04-25,14.0,27.0,0.6585365853658537,36.0,34.0,0.4857142857142857,11.0,6.0,0.35294117647058826,0.0,0.0,0.0,0.0,0.0,0.0,19.0,14.0,0.42424242424242425,23.0,16.0,0.41025641025641024,20.0,12.0,0.375,1
258,2018-04-24,36.0,34.0,0.4857142857142857,11.0,6.0,0.35294117647058826,0.0,0.0,0.0,0.0,0.0,0.0,19.0,14.0,0.42424242424242425,23.0,16.0,0.41025641025641024,20.0,12.0,0.375,14.0,22.0,0.6111111111111112,1
259,2018-04-23,11.0,6.0,0.35294117647058826,0.0,0.0,0.0,0.0,0.0,0.0,19.0,14.0,0.42424242424242425,23.0,16.0,0.41025641025641024,20.0,12.0,0.375,14.0,22.0,0.6111111111111112,14.0,16.0,0.5333333333333333,0
260,2018-04-20,19.0,14.0,0.42424242424242425,23.0,16.0,0.41025641025641024,20.0,12.0,0.375,14.0,22.0,0.6111111111111112,14.0,16.0,0.5333333333333333,0.0,0.0,0.0,0.0,0.0,0.0,24.0,16.0,0.4,0
261,2018-04-19,23.0,16.0,0.41025641025641024,20.0,12.0,0.375,14.0,22.0,0.6111111111111112,14.0,16.0,0.5333333333333333,0.0,0.0,0.0,0.0,0.0,0.0,24.0,16.0,0.4,20.0,21.0,0.5121951219512195,0
262,2018-04-18,20.0,12.0,0.375,14.0,22.0,0.6111111111111112,14.0,16.0,0.5333333333333333,0.0,0.0,0.0,0.0,0.0,0.0,24.0,16.0,0.4,20.0,21.0,0.5121951219512195,34.0,24.0,0.41379310344827586,0
263,2018-04-17,14.0,22.0,0.6111111111111112,14.0,16.0,0.5333333333333333,0.0,0.0,0.0,0.0,0.0,0.0,24.0,16.0,0.4,20.0,21.0,0.5121951219512195,34.0,24.0,0.41379310344827586,58.0,44.0,0.43137254901960786,0
264,2018-04-16,14.0,16.0,0.5333333333333333,0.0,0.0,0.0,0.0,0.0,0.0,24.0,16.0,0.4,20.0,21.0,0.5121951219512195,34.0,24.0,0.41379310344827586,58.0,44.0,0.43137254901960786,57.0,25.0,0.3048780487804878,1
265,2018-04-13,24.0,16.0,0.4,20.0,21.0,0.5121951219512195,34.0,24.0,0.41379310344827586,58.0,44.0,0.43137254901960786,57.0,25.0,0.3048780487804878,0.0,0.0,0.0,0.0,0.0,0.0,75.0,46.0,0.38016528925619836,1
266,2018-04-12,20.0,21.0,0.5121951219512195,34.0,24.0,0.41379310344827586,58.0,44.0,0.43137254901960786,57.0,25.0,0.3048780487804878,0.0,0.0,0.0,0.0,0.0,0.0,75.0,46.0,0.38016528925619836,75.0,48.0,0.3902439024390244,0
267,2018-04-11,34.0,24.0,0.41379310344827586,58.0,44.0,0.43137254901960786,57.0,25.0,0.3048780487804878,0.0,0.0,0.0,0.0,0.0,0.0,75.0,46.0,0.38016528925619836,75.0,48.0,0.3902439024390244,78.0,55.0,0.41353383458646614,1
268,2018-04-10,58.0,44.0,0.43137254901960786,57.0,25.0,0.3048780487804878,0.0,0.0,0.0,0.0,0.0,0.0,75.0,46.0,0.38016528925619836,75.0,48.0,0.3902439024390244,78.0,55.0,0.41353383458646614,46.0,24.0,0.34285714285714286,0
269,2018-04-09,57.0,25.0,0.3048780487804878,0.0,0.0,0.0,0.0,0.0,0.0,75.0,46.0,0.38016528925619836,75.0,48.0,0.3902439024390244,78.0,55.0,0.41353383458646614,46.0,24.0,0.34285714285714286,60.0,41.0,0.40594059405940597,1
270,2018-04-06,75.0,46.0,0.38016528925619836,75.0,48.0,0.3902439024390244,78.0,55.0,0.41353383458646614,46.0,24.0,0.34285714285714286,60.0,41.0,0.40594059405940597,0.0,0.0,0.0,0.0,0.0,0.0,0.0,0.0,0.0,1
271,2018-04-05,75.0,48.0,0.3902439024390244,78.0,55.0,0.41353383458646614,46.0,24.0,0.34285714285714286,60.0,41.0,0.40594059405940597,0.0,0.0,0.0,0.0,0.0,0.0,0.0,0.0,0.0,14.0,18.0,0.5625,0
272,2018-04-04,78.0,55.0,0.41353383458646614,46.0,24.0,0.34285714285714286,60.0,41.0,0.40594059405940597,0.0,0.0,0.0,0.0,0.0,0.0,0.0,0.0,0.0,14.0,18.0,0.5625,55.0,43.0,0.4387755102040816,1
273,2018-04-03,46.0,24.0,0.34285714285714286,60.0,41.0,0.40594059405940597,0.0,0.0,0.0,0.0,0.0,0.0,0.0,0.0,0.0,14.0,18.0,0.5625,55.0,43.0,0.4387755102040816,40.0,35.0,0.4666666666666667,1
274,2018-04-02,60.0,41.0,0.40594059405940597,0.0,0.0,0.0,0.0,0.0,0.0,0.0,0.0,0.0,14.0,18.0,0.5625,55.0,43.0,0.4387755102040816,40.0,35.0,0.4666666666666667,59.0,42.0,0.4158415841584158,1
275,2018-03-29,14.0,18.0,0.5625,55.0,43.0,0.4387755102040816,40.0,35.0,0.4666666666666667,59.0,42.0,0.4158415841584158,0.0,0.0,0.0,0.0,0.0,0.0,38.0,30.0,0.4411764705882353,55.0,58.0,0.5132743362831859,0
276,2018-03-28,55.0,43.0,0.4387755102040816,40.0,35.0,0.4666666666666667,59.0,42.0,0.4158415841584158,0.0,0.0,0.0,0.0,0.0,0.0,38.0,30.0,0.4411764705882353,55.0,58.0,0.5132743362831859,36.0,16.0,0.3076923076923077,1
277,2018-03-27,40.0,35.0,0.4666666666666667,59.0,42.0,0.4158415841584158,0.0,0.0,0.0,0.0,0.0,0.0,38.0,30.0,0.4411764705882353,55.0,58.0,0.5132743362831859,36.0,16.0,0.3076923076923077,8.0,10.0,0.5555555555555556,0
278,2018-03-26,59.0,42.0,0.4158415841584158,0.0,0.0,0.0,0.0,0.0,0.0,38.0,30.0,0.4411764705882353,55.0,58.0,0.5132743362831859,36.0,16.0,0.3076923076923077,8.0,10.0,0.5555555555555556,31.0,25.0,0.44642857142857145,0
279,2018-03-23,38.0,30.0,0.4411764705882353,55.0,58.0,0.5132743362831859,36.0,16.0,0.3076923076923077,8.0,10.0,0.5555555555555556,31.0,25.0,0.44642857142857145,0.0,0.0,0.0,0.0,0.0,0.0,13.0,9.0,0.4090909090909091,1
280,2018-03-22,55.0,58.0,0.5132743362831859,36.0,16.0,0.3076923076923077,8.0,10.0,0.5555555555555556,31.0,25.0,0.44642857142857145,0.0,0.0,0.0,0.0,0.0,0.0,13.0,9.0,0.4090909090909091,24.0,12.0,0.3333333333333333,0
281,2018-03-21,36.0,16.0,0.3076923076923077,8.0,10.0,0.5555555555555556,31.0,25.0,0.44642857142857145,0.0,0.0,0.0,0.0,0.0,0.0,13.0,9.0,0.4090909090909091,24.0,12.0,0.3333333333333333,31.0,27.0,0.46551724137931033,0
282,2018-03-20,8.0,10.0,0.5555555555555556,31.0,25.0,0.44642857142857145,0.0,0.0,0.0,0.0,0.0,0.0,13.0,9.0,0.4090909090909091,24.0,12.0,0.3333333333333333,31.0,27.0,0.46551724137931033,57.0,28.0,0.32941176470588235,0
283,2018-03-19,31.0,25.0,0.44642857142857145,0.0,0.0,0.0,0.0,0.0,0.0,13.0,9.0,0.4090909090909091,24.0,12.0,0.3333333333333333,31.0,27.0,0.46551724137931033,57.0,28.0,0.32941176470588235,17.0,14.0,0.45161290322580644,1
284,2018-03-16,13.0,9.0,0.4090909090909091,24.0,12.0,0.3333333333333333,31.0,27.0,0.46551724137931033,57.0,28.0,0.32941176470588235,17.0,14.0,0.45161290322580644,0.0,0.0,0.0,0.0,0.0,0.0,25.0,26.0,0.5098039215686274,0
285,2018-03-15,24.0,12.0,0.3333333333333333,31.0,27.0,0.46551724137931033,57.0,28.0,0.32941176470588235,17.0,14.0,0.45161290322580644,0.0,0.0,0.0,0.0,0.0,0.0,25.0,26.0,0.5098039215686274,24.0,25.0,0.5102040816326531,1
286,2018-03-14,31.0,27.0,0.46551724137931033,57.0,28.0,0.32941176470588235,17.0,14.0,0.45161290322580644,0.0,0.0,0.0,0.0,0.0,0.0,25.0,26.0,0.5098039215686274,24.0,25.0,0.5102040816326531,33.0,19.0,0.36538461538461536,1
287,2018-03-13,57.0,28.0,0.32941176470588235,17.0,14.0,0.45161290322580644,0.0,0.0,0.0,0.0,0.0,0.0,25.0,26.0,0.5098039215686274,24.0,25.0,0.5102040816326531,33.0,19.0,0.36538461538461536,26.0,20.0,0.43478260869565216,0
288,2018-03-12,17.0,14.0,0.45161290322580644,0.0,0.0,0.0,0.0,0.0,0.0,25.0,26.0,0.5098039215686274,24.0,25.0,0.5102040816326531,33.0,19.0,0.36538461538461536,26.0,20.0,0.43478260869565216,18.0,11.0,0.3793103448275862,0
289,2018-03-09,25.0,26.0,0.5098039215686274,24.0,25.0,0.5102040816326531,33.0,19.0,0.36538461538461536,26.0,20.0,0.43478260869565216,18.0,11.0,0.3793103448275862,0.0,0.0,0.0,0.0,0.0,0.0,51.0,33.0,0.39285714285714285,0
290,2018-03-08,24.0,25.0,0.5102040816326531,33.0,19.0,0.36538461538461536,26.0,20.0,0.43478260869565216,18.0,11.0,0.3793103448275862,0.0,0.0,0.0,0.0,0.0,0.0,51.0,33.0,0.39285714285714285,62.0,44.0,0.41509433962264153,1
291,2018-03-07,33.0,19.0,0.36538461538461536,26.0,20.0,0.43478260869565216,18.0,11.0,0.3793103448275862,0.0,0.0,0.0,0.0,0.0,0.0,51.0,33.0,0.39285714285714285,62.0,44.0,0.41509433962264153,31.0,25.0,0.44642857142857145,1
292,2018-03-06,26.0,20.0,0.43478260869565216,18.0,11.0,0.3793103448275862,0.0,0.0,0.0,0.0,0.0,0.0,51.0,33.0,0.39285714285714285,62.0,44.0,0.41509433962264153,31.0,25.0,0.44642857142857145,19.0,14.0,0.42424242424242425,0
293,2018-03-05,18.0,11.0,0.3793103448275862,0.0,0.0,0.0,0.0,0.0,0.0,51.0,33.0,0.39285714285714285,62.0,44.0,0.41509433962264153,31.0,25.0,0.44642857142857145,19.0,14.0,0.42424242424242425,21.0,18.0,0.46153846153846156,1
294,2018-03-02,51.0,33.0,0.39285714285714285,62.0,44.0,0.41509433962264153,31.0,25.0,0.44642857142857145,19.0,14.0,0.42424242424242425,21.0,18.0,0.46153846153846156,0.0,0.0,0.0,0.0,0.0,0.0,27.0,17.0,0.38636363636363635,1
295,2018-03-01,62.0,44.0,0.41509433962264153,31.0,25.0,0.44642857142857145,19.0,14.0,0.42424242424242425,21.0,18.0,0.46153846153846156,0.0,0.0,0.0,0.0,0.0,0.0,27.0,17.0,0.38636363636363635,14.0,24.0,0.631578947368421,0
296,2018-02-28,31.0,25.0,0.44642857142857145,19.0,14.0,0.42424242424242425,21.0,18.0,0.46153846153846156,0.0,0.0,0.0,0.0,0.0,0.0,27.0,17.0,0.38636363636363635,14.0,24.0,0.631578947368421,26.0,29.0,0.5272727272727272,0
297,2018-02-27,19.0,14.0,0.42424242424242425,21.0,18.0,0.46153846153846156,0.0,0.0,0.0,0.0,0.0,0.0,27.0,17.0,0.38636363636363635,14.0,24.0,0.631578947368421,26.0,29.0,0.5272727272727272,18.0,17.0,0.4857142857142857,0
298,2018-02-26,21.0,18.0,0.46153846153846156,0.0,0.0,0.0,0.0,0.0,0.0,27.0,17.0,0.38636363636363635,14.0,24.0,0.631578947368421,26.0,29.0,0.5272727272727272,18.0,17.0,0.4857142857142857,0.0,0.0,0.0,0
299,2018-02-23,27.0,17.0,0.38636363636363635,14.0,24.0,0.631578947368421,26.0,29.0,0.5272727272727272,18.0,17.0,0.4857142857142857,0.0,0.0,0.0,0.0,0.0,0.0,0.0,0.0,0.0,30.0,14.0,0.3181818181818182,1
300,2018-02-22,14.0,24.0,0.631578947368421,26.0,29.0,0.5272727272727272,18.0,17.0,0.4857142857142857,0.0,0.0,0.0,0.0,0.0,0.0,0.0,0.0,0.0,30.0,14.0,0.3181818181818182,24.0,17.0,0.4146341463414634,1
301,2018-02-21,26.0,29.0,0.5272727272727272,18.0,17.0,0.4857142857142857,0.0,0.0,0.0,0.0,0.0,0.0,0.0,0.0,0.0,30.0,14.0,0.3181818181818182,24.0,17.0,0.4146341463414634,43.0,25.0,0.36764705882352944,1
302,2018-02-20,18.0,17.0,0.4857142857142857,0.0,0.0,0.0,0.0,0.0,0.0,0.0,0.0,0.0,30.0,14.0,0.3181818181818182,24.0,17.0,0.4146341463414634,43.0,25.0,0.36764705882352944,35.0,32.0,0.47761194029850745,0
303,2018-02-16,30.0,14.0,0.3181818181818182,24.0,17.0,0.4146341463414634,43.0,25.0,0.36764705882352944,35.0,32.0,0.47761194029850745,38.0,28.0,0.42424242424242425,0.0,0.0,0.0,0.0,0.0,0.0,97.0,81.0,0.4550561797752809,0
304,2018-02-15,24.0,17.0,0.4146341463414634,43.0,25.0,0.36764705882352944,35.0,32.0,0.47761194029850745,38.0,28.0,0.42424242424242425,0.0,0.0,0.0,0.0,0.0,0.0,97.0,81.0,0.4550561797752809,91.0,77.0,0.4583333333333333,1
305,2018-02-14,43.0,25.0,0.36764705882352944,35.0,32.0,0.47761194029850745,38.0,28.0,0.42424242424242425,0.0,0.0,0.0,0.0,0.0,0.0,97.0,81.0,0.4550561797752809,91.0,77.0,0.4583333333333333,59.0,51.0,0.4636363636363636,1
306,2018-02-13,35.0,32.0,0.47761194029850745,38.0,28.0,0.42424242424242425,0.0,0.0,0.0,0.0,0.0,0.0,97.0,81.0,0.4550561797752809,91.0,77.0,0.4583333333333333,59.0,51.0,0.4636363636363636,83.0,79.0,0.4876543209876543,1
307,2018-02-12,38.0,28.0,0.42424242424242425,0.0,0.0,0.0,0.0,0.0,0.0,97.0,81.0,0.4550561797752809,91.0,77.0,0.4583333333333333,59.0,51.0,0.4636363636363636,83.0,79.0,0.4876543209876543,141.0,112.0,0.4426877470355731,1
308,2018-02-09,97.0,81.0,0.4550561797752809,91.0,77.0,0.4583333333333333,59.0,51.0,0.4636363636363636,83.0,79.0,0.4876543209876543,141.0,112.0,0.4426877470355731,0.0,0.0,0.0,0.0,0.0,0.0,64.0,42.0,0.39622641509433965,1
309,2018-02-08,91.0,77.0,0.4583333333333333,59.0,51.0,0.4636363636363636,83.0,79.0,0.4876543209876543,141.0,112.0,0.4426877470355731,0.0,0.0,0.0,0.0,0.0,0.0,64.0,42.0,0.39622641509433965,42.0,20.0,0.3225806451612903,1
310,2018-02-07,59.0,51.0,0.4636363636363636,83.0,79.0,0.4876543209876543,141.0,112.0,0.4426877470355731,0.0,0.0,0.0,0.0,0.0,0.0,64.0,42.0,0.39622641509433965,42.0,20.0,0.3225806451612903,19.0,17.0,0.4722222222222222,0
311,2018-02-06,83.0,79.0,0.4876543209876543,141.0,112.0,0.4426877470355731,0.0,0.0,0.0,0.0,0.0,0.0,64.0,42.0,0.39622641509433965,42.0,20.0,0.3225806451612903,19.0,17.0,0.4722222222222222,29.0,23.0,0.4423076923076923,0
312,2018-02-05,141.0,112.0,0.4426877470355731,0.0,0.0,0.0,0.0,0.0,0.0,64.0,42.0,0.39622641509433965,42.0,20.0,0.3225806451612903,19.0,17.0,0.4722222222222222,29.0,23.0,0.4423076923076923,17.0,13.0,0.43333333333333335,1
313,2018-02-02,64.0,42.0,0.39622641509433965,42.0,20.0,0.3225806451612903,19.0,17.0,0.4722222222222222,29.0,23.0,0.4423076923076923,17.0,13.0,0.43333333333333335,0.0,0.0,0.0,0.0,0.0,0.0,35.0,39.0,0.527027027027027,0
314,2018-02-01,42.0,20.0,0.3225806451612903,19.0,17.0,0.4722222222222222,29.0,23.0,0.4423076923076923,17.0,13.0,0.43333333333333335,0.0,0.0,0.0,0.0,0.0,0.0,35.0,39.0,0.527027027027027,23.0,25.0,0.5208333333333334,0
315,2018-01-31,19.0,17.0,0.4722222222222222,29.0,23.0,0.4423076923076923,17.0,13.0,0.43333333333333335,0.0,0.0,0.0,0.0,0.0,0.0,35.0,39.0,0.527027027027027,23.0,25.0,0.5208333333333334,27.0,27.0,0.5,1
316,2018-01-30,29.0,23.0,0.4423076923076923,17.0,13.0,0.43333333333333335,0.0,0.0,0.0,0.0,0.0,0.0,35.0,39.0,0.527027027027027,23.0,25.0,0.5208333333333334,27.0,27.0,0.5,16.0,9.0,0.36,1
317,2018-01-29,17.0,13.0,0.43333333333333335,0.0,0.0,0.0,0.0,0.0,0.0,35.0,39.0,0.527027027027027,23.0,25.0,0.5208333333333334,27.0,27.0,0.5,16.0,9.0,0.36,16.0,25.0,0.6097560975609756,0
318,2018-01-26,35.0,39.0,0.527027027027027,23.0,25.0,0.5208333333333334,27.0,27.0,0.5,16.0,9.0,0.36,16.0,25.0,0.6097560975609756,0.0,0.0,0.0,0.0,0.0,0.0,23.0,17.0,0.425,0
319,2018-01-25,23.0,25.0,0.5208333333333334,27.0,27.0,0.5,16.0,9.0,0.36,16.0,25.0,0.6097560975609756,0.0,0.0,0.0,0.0,0.0,0.0,23.0,17.0,0.425,34.0,23.0,0.40350877192982454,1
320,2018-01-24,27.0,27.0,0.5,16.0,9.0,0.36,16.0,25.0,0.6097560975609756,0.0,0.0,0.0,0.0,0.0,0.0,23.0,17.0,0.425,34.0,23.0,0.40350877192982454,40.0,32.0,0.4444444444444444,1
321,2018-01-23,16.0,9.0,0.36,16.0,25.0,0.6097560975609756,0.0,0.0,0.0,0.0,0.0,0.0,23.0,17.0,0.425,34.0,23.0,0.40350877192982454,40.0,32.0,0.4444444444444444,67.0,52.0,0.4369747899159664,1
322,2018-01-22,16.0,25.0,0.6097560975609756,0.0,0.0,0.0,0.0,0.0,0.0,23.0,17.0,0.425,34.0,23.0,0.40350877192982454,40.0,32.0,0.4444444444444444,67.0,52.0,0.4369747899159664,0.0,0.0,0.0,0
323,2018-01-19,23.0,17.0,0.425,34.0,23.0,0.40350877192982454,40.0,32.0,0.4444444444444444,67.0,52.0,0.4369747899159664,0.0,0.0,0.0,0.0,0.0,0.0,0.0,0.0,0.0,55.0,59.0,0.5175438596491229,1
324,2018-01-18,34.0,23.0,0.40350877192982454,40.0,32.0,0.4444444444444444,67.0,52.0,0.4369747899159664,0.0,0.0,0.0,0.0,0.0,0.0,0.0,0.0,0.0,55.0,59.0,0.5175438596491229,51.0,45.0,0.46875,1
325,2018-01-17,40.0,32.0,0.4444444444444444,67.0,52.0,0.4369747899159664,0.0,0.0,0.0,0.0,0.0,0.0,0.0,0.0,0.0,55.0,59.0,0.5175438596491229,51.0,45.0,0.46875,33.0,25.0,0.43103448275862066,0
326,2018-01-16,67.0,52.0,0.4369747899159664,0.0,0.0,0.0,0.0,0.0,0.0,0.0,0.0,0.0,55.0,59.0,0.5175438596491229,51.0,45.0,0.46875,33.0,25.0,0.43103448275862066,28.0,30.0,0.5172413793103449,1
327,2018-01-12,55.0,59.0,0.5175438596491229,51.0,45.0,0.46875,33.0,25.0,0.43103448275862066,28.0,30.0,0.5172413793103449,18.0,13.0,0.41935483870967744,0.0,0.0,0.0,0.0,0.0,0.0,52.0,42.0,0.44680851063829785,0
328,2018-01-11,51.0,45.0,0.46875,33.0,25.0,0.43103448275862066,28.0,30.0,0.5172413793103449,18.0,13.0,0.41935483870967744,0.0,0.0,0.0,0.0,0.0,0.0,52.0,42.0,0.44680851063829785,28.0,26.0,0.48148148148148145,1
329,2018-01-10,33.0,25.0,0.43103448275862066,28.0,30.0,0.5172413793103449,18.0,13.0,0.41935483870967744,0.0,0.0,0.0,0.0,0.0,0.0,52.0,42.0,0.44680851063829785,28.0,26.0,0.48148148148148145,10.0,9.0,0.47368421052631576,1
330,2018-01-09,28.0,30.0,0.5172413793103449,18.0,13.0,0.41935483870967744,0.0,0.0,0.0,0.0,0.0,0.0,52.0,42.0,0.44680851063829785,28.0,26.0,0.48148148148148145,10.0,9.0,0.47368421052631576,0.0,0.0,0.0,0
331,2018-01-08,18.0,13.0,0.41935483870967744,0.0,0.0,0.0,0.0,0.0,0.0,52.0,42.0,0.44680851063829785,28.0,26.0,0.48148148148148145,10.0,9.0,0.47368421052631576,0.0,0.0,0.0,0.0,0.0,0.0,1
332,2018-01-05,52.0,42.0,0.44680851063829785,28.0,26.0,0.48148148148148145,10.0,9.0,0.47368421052631576,0.0,0.0,0.0,0.0,0.0,0.0,0.0,0.0,0.0,0.0,0.0,0.0,0.0,0.0,0.0,0
333,2018-01-04,28.0,26.0,0.48148148148148145,10.0,9.0,0.47368421052631576,0.0,0.0,0.0,0.0,0.0,0.0,0.0,0.0,0.0,0.0,0.0,0.0,0.0,0.0,0.0,0.0,0.0,0.0,1
334,2018-01-03,10.0,9.0,0.47368421052631576,0.0,0.0,0.0,0.0,0.0,0.0,0.0,0.0,0.0,0.0,0.0,0.0,0.0,0.0,0.0,0.0,0.0,0.0,0.0,0.0,0.0,1
335,2018-01-02,0.0,0.0,0.0,0.0,0.0,0.0,0.0,0.0,0.0,0.0,0.0,0.0,0.0,0.0,0.0,0.0,0.0,0.0,0.0,0.0,0.0,0.0,0.0,0.0,1
